"Authors","Author full names","Author(s) ID","Title","Year","Source title","Volume","Issue","Art. No.","Page start","Page end","Page count","Cited by","DOI","Link","Document Type","Publication Stage","Open Access","Source","EID"
"Anni K.; Vainik U.; Mõttus R.","Anni, Kätlin (57206668902); Vainik, Uku (55596973000); Mõttus, René (14023281800)","57206668902; 55596973000; 14023281800","Personality Profiles of 263 Occupations","2024","Journal of Applied Psychology","110","4","","481","511","30","6","10.1037/apl0001249","https://www.scopus.com/inward/record.uri?eid=2-s2.0-85208259551&doi=10.1037%2fapl0001249&partnerID=40&md5=53968eb3b87800a8ea56a400009117de","Article","Final","","Scopus","2-s2.0-85208259551"
"Morency M.M.; Reynolds A.J.","Morency, Mirinda M. (57202004286); Reynolds, Arthur J. (7201478408)","57202004286; 7201478408","Do early school- and family-related factors predict midlife psychological well-being? Findings from A prospective Black childhood cohort study","2024","Children and Youth Services Review","166","","107972","","","","0","10.1016/j.childyouth.2024.107972","https://www.scopus.com/inward/record.uri?eid=2-s2.0-85206549747&doi=10.1016%2fj.childyouth.2024.107972&partnerID=40&md5=e95c33cba8dd1dc5fda7a726c5b7de88","Article","Final","","Scopus","2-s2.0-85206549747"
"Walton K.E.; Allen J.; Box M.J.; Murano D.; Burrus J.","Walton, Kate E. (35515943700); Allen, Jeff (57196688551); Box, Maxwell J. (58063090800); Murano, Dana (57204430570); Burrus, Jeremy (23007443100)","35515943700; 57196688551; 58063090800; 57204430570; 23007443100","Social and Emotional Skills Predict Postsecondary Enrollment and Retention","2023","Journal of Intelligence","11","10","186","","","","0","10.3390/jintelligence11100186","https://www.scopus.com/inward/record.uri?eid=2-s2.0-85175076822&doi=10.3390%2fjintelligence11100186&partnerID=40&md5=89f46ff37974607700da5b27061f90f9","Article","Final","All Open Access; Gold Open Access; Green Open Access","Scopus","2-s2.0-85175076822"
"Postigo Á.; González-Nuevo C.; García-Fernández J.; García-Cueto E.; Soto C.J.; Napolitano C.M.; Roberts B.W.; Cuesta M.","Postigo, Álvaro (57211366543); González-Nuevo, Covadonga (57220029772); García-Fernández, Jaime (57357964800); García-Cueto, Eduardo (6603461521); Soto, Christopher J. (24167147000); Napolitano, Christopher M. (35849097300); Roberts, Brent W. (7402979014); Cuesta, Marcelino (35572000500)","57211366543; 57220029772; 57357964800; 6603461521; 24167147000; 35849097300; 7402979014; 35572000500","The Behavioral, Emotional, and Social Skills Inventory: A Spanish Adaptation and Further Validation in Adult Population","2024","Assessment","31","7","","1525","1547","22","2","10.1177/10731911231225197","https://www.scopus.com/inward/record.uri?eid=2-s2.0-85184227739&doi=10.1177%2f10731911231225197&partnerID=40&md5=b0a5c964e2ab47215abf2c371282b5cb","Article","Final","","Scopus","2-s2.0-85184227739"
"Belfi B.; Borghans L.","Belfi, Barbara (54384777800); Borghans, Lex (6602269566)","54384777800; 6602269566","The importance of socio-emotional skills for multiple life outcomes and the role of education","2025","Handbook of Education and Work","","","","75","104","29","0","10.4337/9781035309917.00010","https://www.scopus.com/inward/record.uri?eid=2-s2.0-105001743860&doi=10.4337%2f9781035309917.00010&partnerID=40&md5=09f40667be91b124b39ec1eb5b17b298","Editorial","Final","","Scopus","2-s2.0-105001743860"
"Pages R.; Bailey D.H.; Duncan G.J.","Pages, Remy (57218611387); Bailey, Drew H. (25936001700); Duncan, Greg J. (57202484232)","57218611387; 25936001700; 57202484232","The impacts of Abecedarian and Head Start on educational attainment: Reasoning about unobserved mechanisms from temporal patterns of indirect effects","2023","Early Childhood Research Quarterly","65","","","261","274","13","4","10.1016/j.ecresq.2023.07.003","https://www.scopus.com/inward/record.uri?eid=2-s2.0-85164370526&doi=10.1016%2fj.ecresq.2023.07.003&partnerID=40&md5=e0d3f7493cd4aea43a759fe1cd3ff4f6","Article","Final","All Open Access; Green Open Access","Scopus","2-s2.0-85164370526"
"Zhang L.; Wetzel E.; Yoon H.J.; Roberts B.W.","Zhang, Luyao (59166206400); Wetzel, Eunike (54796203400); Yoon, Hee J. (57225949182); Roberts, Brent W. (7402979014)","59166206400; 54796203400; 57225949182; 7402979014","Perseverance, a Measure of Conscientiousness, Is a Valid Predictor of Achievement and Truancy Across the Globe","2024","Journal of Personality and Social Psychology","126","5","","852","872","20","2","10.1037/pspp0000505","https://www.scopus.com/inward/record.uri?eid=2-s2.0-85195542052&doi=10.1037%2fpspp0000505&partnerID=40&md5=77c7b63992e293cc17c01277184e2e8f","Article","Final","All Open Access; Green Open Access","Scopus","2-s2.0-85195542052"
"Hough L.M.; Oswald F.L.","Hough, Leaetta M. (7006333991); Oswald, Frederick L. (7005448746)","7006333991; 7005448746","Revisiting predictor-criterion construct congruence: Implications for designing personnel selection systems","2023","Industrial and Organizational Psychology","16","3","","307","312","5","3","10.1017/iop.2023.35","https://www.scopus.com/inward/record.uri?eid=2-s2.0-85170847346&doi=10.1017%2fiop.2023.35&partnerID=40&md5=010b8a9f281bf5dd937c3df2b2818632","Note","Final","","Scopus","2-s2.0-85170847346"
"Collie R.J.; Ryan R.M.","Collie, Rebecca J. (53982572500); Ryan, Richard M. (57216285849)","53982572500; 57216285849","Autonomy support and students’ perceived social-emotional competence: predicting parent-reported social-emotional skills","2025","Social Psychology of Education","28","1","116","","","","0","10.1007/s11218-025-10079-9","https://www.scopus.com/inward/record.uri?eid=2-s2.0-105006899458&doi=10.1007%2fs11218-025-10079-9&partnerID=40&md5=282cbb54b72565bf6bfd9bd0288936f1","Article","Final","","Scopus","2-s2.0-105006899458"
"Breil S.M.; Lievens F.; Forthmann B.; Back M.D.","Breil, Simon M. (57201212177); Lievens, Filip (7004307998); Forthmann, Boris (57160412800); Back, Mitja D. (8613409000)","57201212177; 7004307998; 57160412800; 8613409000","Interpersonal behavior in assessment center role-play exercises: Investigating structure, consistency, and effectiveness","2023","Personnel Psychology","76","3","","759","795","36","11","10.1111/peps.12507","https://www.scopus.com/inward/record.uri?eid=2-s2.0-85128566400&doi=10.1111%2fpeps.12507&partnerID=40&md5=8780fa0931ff11893e1f4476ecfdb621","Article","Final","All Open Access; Green Open Access","Scopus","2-s2.0-85128566400"
"Ratner K.; Budesheim E.F.; Alexander C.S.; Klein R.C.; Leinenweber S.; Zhang L.; Zhao T.Y.; Garcia Romero O.; Napolitano C.M.","Ratner, Kaylin (56464961300); Budesheim, Erin F. (59421493000); Alexander, Chelsea S. (58555815800); Klein, Robert C. (59737031100); Leinenweber, Simone (59736671400); Zhang, Lei (59736787600); Zhao, Talia Yue (59737031200); Garcia Romero, Oswaldo (59736554400); Napolitano, Christopher M. (35849097300)","56464961300; 59421493000; 58555815800; 59737031100; 59736671400; 59736787600; 59737031200; 59736554400; 35849097300","Hurry up and wait: Developmental anxiety during the transition to adulthood","2025","Journal of Family Theory and Review","","","","","","","0","10.1111/jftr.12621","https://www.scopus.com/inward/record.uri?eid=2-s2.0-105002617932&doi=10.1111%2fjftr.12621&partnerID=40&md5=57e29836e5f2fbd01026ed37acff4740","Article","Article in press","","Scopus","2-s2.0-105002617932"
"Borgdorf K.S.A.; Küchler G.; Wrzus C.; Aguilar-Raab C.","Borgdorf, Kira S.A. (59463200100); Küchler, Gabriela (59693396100); Wrzus, Cornelia (37082400100); Aguilar-Raab, Corina (47260982000)","59463200100; 59693396100; 37082400100; 47260982000","Mindful and Well: The Effects of a Socioemotional Competence Training (SECT) in a Randomized Controlled Trial","2025","Journal of Counseling Psychology","","","","","","","0","10.1037/cou0000802","https://www.scopus.com/inward/record.uri?eid=2-s2.0-105005802164&doi=10.1037%2fcou0000802&partnerID=40&md5=a7332a769cc42167346e774fecad22e4","Article","Article in press","","Scopus","2-s2.0-105005802164"
"Collie R.J.","Collie, Rebecca J. (53982572500)","53982572500","Social-emotional need satisfaction and students’ academic engagement and social-emotional skills","2024","Educational Psychology","44","2","","117","135","18","4","10.1080/01443410.2024.2324751","https://www.scopus.com/inward/record.uri?eid=2-s2.0-85187180279&doi=10.1080%2f01443410.2024.2324751&partnerID=40&md5=3d9f9b7111571e1fcf51ed05671bd0bd","Article","Final","All Open Access; Hybrid Gold Open Access","Scopus","2-s2.0-85187180279"
"Pellegrino G.; Feraco T.; Meneghetti C.; Carretti B.","Pellegrino, Gerardo (58108291500); Feraco, Tommaso (57218109907); Meneghetti, Chiara (6602124418); Carretti, Barbara (55884980200)","58108291500; 57218109907; 6602124418; 55884980200","Ready for What's Next? The Associations Between Social, Emotional, and Behavioral Skills and Career Adaptability in High School Students","2025","Journal of Adolescence","97","5","","1200","1210","10","1","10.1002/jad.12486","https://www.scopus.com/inward/record.uri?eid=2-s2.0-85219623757&doi=10.1002%2fjad.12486&partnerID=40&md5=06faa177fa0c33b5ad6661d3de964450","Article","Final","","Scopus","2-s2.0-85219623757"
"Hennecke M.; Ingold P.V.","Hennecke, Marie (35503281500); Ingold, Pia V. (56147721600)","35503281500; 56147721600","Scrutinizing the value and implementation of volitional personality development at work","2025","International Journal of Selection and Assessment","33","1","e12508","","","","1","10.1111/ijsa.12508","https://www.scopus.com/inward/record.uri?eid=2-s2.0-85211188589&doi=10.1111%2fijsa.12508&partnerID=40&md5=90721413a46f1e052ba027d046af7ec2","Note","Final","","Scopus","2-s2.0-85211188589"
"Kyllonen P.; Sevak A.; Ober T.; Choi I.; Sparks J.; Fishtein D.","Kyllonen, Patrick (6602515483); Sevak, Amit (59418686100); Ober, Teresa (57196039503); Choi, Ikkyu (57200083603); Sparks, Jesse (57202066039); Fishtein, Daniel (57205675636)","6602515483; 59418686100; 57196039503; 57200083603; 57202066039; 57205675636","Charting the Future of Assessments","2024","ETS Research Report Series","2024","1","","1","62","61","0","10.1002/ets2.12388","https://www.scopus.com/inward/record.uri?eid=2-s2.0-85209732479&doi=10.1002%2fets2.12388&partnerID=40&md5=a20cec04989bed4c231a7bbc38c4c2f5","Article","Final","","Scopus","2-s2.0-85209732479"
"Feraco T.; Mammarella I.C.; Meneghetti C.","Feraco, Tommaso (57218109907); Mammarella, Irene C. (6508143157); Meneghetti, Chiara (6602124418)","57218109907; 6508143157; 6602124418","The Relation Between Soft Skills and Arithmetic Performance","2025","Journal of Experimental Education","93","3","","502","521","19","0","10.1080/00220973.2024.2364621","https://www.scopus.com/inward/record.uri?eid=2-s2.0-85196621451&doi=10.1080%2f00220973.2024.2364621&partnerID=40&md5=4a0a5a90d4c6dd0cf5643c8b3a13feee","Article","Final","","Scopus","2-s2.0-85196621451"
"Li F.","Li, Fujun (59514758000)","59514758000","Examining the effect of STEAM Maker Instruction (SMI) on socioemotional skills aptitude in multicultural and ethnically diverse undergraduate settings","2025","Cogent Education","12","1","2452083","","","","0","10.1080/2331186X.2025.2452083","https://www.scopus.com/inward/record.uri?eid=2-s2.0-85215117620&doi=10.1080%2f2331186X.2025.2452083&partnerID=40&md5=b0babea5ecb715aa6201f0f079d9547c","Article","Final","All Open Access; Gold Open Access","Scopus","2-s2.0-85215117620"
"Feraco T.; Casali N.; Pellegrino G.; Soto C.J.; Napolitano C.M.; Carretti B.; Meneghetti C.","Feraco, Tommaso (57218109907); Casali, Nicole (57218093590); Pellegrino, Gerardo (58108291500); Soto, Christopher J. (24167147000); Napolitano, Christopher M. (35849097300); Carretti, Barbara (55884980200); Meneghetti, Chiara (6602124418)","57218109907; 57218093590; 58108291500; 24167147000; 35849097300; 55884980200; 6602124418","The Italian Behavioral, Emotional, and Social Skills Inventory (BESSI-I)","2024","Journal of Personality Assessment","106","6","","750","764","14","5","10.1080/00223891.2024.2335912","https://www.scopus.com/inward/record.uri?eid=2-s2.0-85190286479&doi=10.1080%2f00223891.2024.2335912&partnerID=40&md5=c74844108bb522f986db8f83c87c20f2","Article","Final","All Open Access; Green Open Access","Scopus","2-s2.0-85190286479"
"Gkintoni E.; Vassilopoulos S.P.; Nikolaou G.","Gkintoni, Evgenia (57192301973); Vassilopoulos, Stephanos P. (6507289451); Nikolaou, Georgios (57198781897)","57192301973; 6507289451; 57198781897","Brain-Inspired Multisensory Learning: A Systematic Review of Neuroplasticity and Cognitive Outcomes in Adult Multicultural and Second Language Acquisition","2025","Biomimetics","10","6","397","","","","0","10.3390/biomimetics10060397","https://www.scopus.com/inward/record.uri?eid=2-s2.0-105009013622&doi=10.3390%2fbiomimetics10060397&partnerID=40&md5=a9301ada2dbff76295113674f3c3fbe6","Review","Final","","Scopus","2-s2.0-105009013622"
"Brown M.I.; Heck P.R.; Chabris C.F.","Brown, Matt I. (57204133781); Heck, Patrick R. (56875297000); Chabris, Christopher F. (57194702655)","57204133781; 56875297000; 57194702655","The Social Shapes Test as a Self-Administered, Online Measure of Social Intelligence: Two Studies with Typically Developing Adults and Adults with Autism Spectrum Disorder","2024","Journal of Autism and Developmental Disorders","54","5","","1804","1819","15","3","10.1007/s10803-023-05901-2","https://www.scopus.com/inward/record.uri?eid=2-s2.0-85147772564&doi=10.1007%2fs10803-023-05901-2&partnerID=40&md5=9b697f0df46bfd091c69f5ebdedcf777","Article","Final","","Scopus","2-s2.0-85147772564"
"Segal N.B.; Hu D.; Yaari S.G.; Tamir M.","Segal, Noa Boker (58848879000); Hu, Danfei (57211599511); Yaari, Shir Ginosar (58848643400); Tamir, Maya (6603911191)","58848879000; 57211599511; 58848643400; 6603911191","Knowing Me, Knowing You: Are People Good at Regulating Their Emotions Good at Regulating Another’s Emotions?","2024","Emotion","24","5","","1137","1148","11","2","10.1037/emo0001305","https://www.scopus.com/inward/record.uri?eid=2-s2.0-85183418039&doi=10.1037%2femo0001305&partnerID=40&md5=3dc8830bd19cd967db888f42d35d149d","Article","Final","","Scopus","2-s2.0-85183418039"
"Sewell M.N.; Yoon H.J.; Lechner C.M.; Napolitano C.M.; Rammstedt B.; Roberts B.W.; Soto C.J.","Sewell, Madison N. (57225959237); Yoon, Hee J. (57225949182); Lechner, Clemens M. (55825858900); Napolitano, Christopher M. (35849097300); Rammstedt, Beatrice (55961492400); Roberts, Brent W. (7402979014); Soto, Christopher J. (24167147000)","57225959237; 57225949182; 55825858900; 35849097300; 55961492400; 7402979014; 24167147000","Assessing Social, Emotional, and Behavioral Skills in Just a Few Minutes: 96-, 45-, and 20-Item Short Forms of the BESSI","2025","Assessment","32","4","","501","520","19","3","10.1177/10731911241256434","https://www.scopus.com/inward/record.uri?eid=2-s2.0-105003255842&doi=10.1177%2f10731911241256434&partnerID=40&md5=325e0567b7845ec662c98afe070cba26","Article","Final","","Scopus","2-s2.0-105003255842"
"Mielke I.; Breil S.M.; Hissbach J.; Ehrhardt M.; Knorr M.","Mielke, Ina (57218228556); Breil, Simon M. (57201212177); Hissbach, Johanna (35102309300); Ehrhardt, Maren (55230466500); Knorr, Mirjana (56428724300)","57218228556; 57201212177; 35102309300; 55230466500; 56428724300","Predicting undergraduate OSCE performance using traditional and construct-driven situational judgment tests at admission","2025","Advances in Health Sciences Education","30","3","","777","794","17","2","10.1007/s10459-024-10379-3","https://www.scopus.com/inward/record.uri?eid=2-s2.0-85205374973&doi=10.1007%2fs10459-024-10379-3&partnerID=40&md5=447efe251c5b3da12b2974c9b0e42ff4","Article","Final","","Scopus","2-s2.0-85205374973"
"Burić I.; Butković A.; Kim L.E.","Burić, Irena (25957592600); Butković, Ana (6506148057); Kim, Lisa E. (56517604900)","25957592600; 6506148057; 56517604900","Teacher personality domains and facets: Their unique associations with student-ratings of teaching quality and teacher enthusiasm","2023","Learning and Instruction","88","","101827","","","","10","10.1016/j.learninstruc.2023.101827","https://www.scopus.com/inward/record.uri?eid=2-s2.0-85169058478&doi=10.1016%2fj.learninstruc.2023.101827&partnerID=40&md5=f8831f56920ec15ed783078b1a9f1bd8","Article","Final","All Open Access; Green Open Access","Scopus","2-s2.0-85169058478"
"Huo M.; Ning B.","Huo, Ming (57221786044); Ning, Bo (56577560400)","57221786044; 56577560400","Network analysis of social-emotional skills in children and adolescents across ten cities: Evidence from the 2019 OECD Survey on Social and Emotional Skills","2025","Social Science and Medicine","381","","118286","","","","0","10.1016/j.socscimed.2025.118286","https://www.scopus.com/inward/record.uri?eid=2-s2.0-105007327165&doi=10.1016%2fj.socscimed.2025.118286&partnerID=40&md5=e202d02062622a67b5b312cbfcebef99","Article","Final","","Scopus","2-s2.0-105007327165"
"Wang F.; King R.B.","Wang, Faming (57226655706); King, Ronnel B. (53879992500)","57226655706; 53879992500","Developing the Short Form of the Survey on Social and Emotional Skills (SSES-SF)","2025","Journal of Personality Assessment","107","3","","330","345","15","1","10.1080/00223891.2024.2416416","https://www.scopus.com/inward/record.uri?eid=2-s2.0-105002333615&doi=10.1080%2f00223891.2024.2416416&partnerID=40&md5=79100d6226810d615a23b49b14fbc277","Article","Final","All Open Access; Hybrid Gold Open Access","Scopus","2-s2.0-105002333615"
"González Moreno A.; Simões C.; Santos A.C.; Molero Jurado M.D.M.","González Moreno, Alba (58023632300); Simões, Celeste (24071990400); Santos, Anabela Caetano (57195555883); Molero Jurado, María del Mar (50262452900)","58023632300; 24071990400; 57195555883; 50262452900","Creative Self-Efficacy and Social Skills in a Portuguese Sample of University Students: Links with Self-Esteem, Academic Achievement and Life Satisfaction","2024","European Journal of Investigation in Health, Psychology and Education","14","12","","2966","2977","11","2","10.3390/ejihpe14120195","https://www.scopus.com/inward/record.uri?eid=2-s2.0-85213431821&doi=10.3390%2fejihpe14120195&partnerID=40&md5=34d213c02cea35c8185192c762ce0756","Article","Final","All Open Access; Gold Open Access; Green Open Access","Scopus","2-s2.0-85213431821"
"Feraco T.; Bonelli R.; Da Re L.; Meneghetti C.","Feraco, Tommaso (57218109907); Bonelli, Roberta (57919258000); Da Re, Lorenza (57199079706); Meneghetti, Chiara (6602124418)","57218109907; 57919258000; 57199079706; 6602124418","Soft skills in high schools: integrating self-regulated learning and social, emotional, and behavioral skills frameworks","2025","Social Psychology of Education","28","1","134","","","","0","10.1007/s11218-025-10095-9","https://www.scopus.com/inward/record.uri?eid=2-s2.0-105009002454&doi=10.1007%2fs11218-025-10095-9&partnerID=40&md5=85cece678e943fa93f246bcd2f7279d1","Article","Final","","Scopus","2-s2.0-105009002454"
"Yoon H.J.; Roberts B.W.; Sewell M.N.; Napolitano C.M.; Soto C.J.; Murano D.; Casillas A.","Yoon, Hee Jun (57225949182); Roberts, Brent W. (7402979014); Sewell, Madison N. (57225959237); Napolitano, Christopher M. (35849097300); Soto, Christopher J. (24167147000); Murano, Dana (57204430570); Casillas, Alex (7004073776)","57225949182; 7402979014; 57225959237; 35849097300; 24167147000; 57204430570; 7004073776","Examining SEB skills’ incremental validity over personality traits in predicting academic achievement","2024","PLoS ONE","19","1 January","e0296484","","","","8","10.1371/journal.pone.0296484","https://www.scopus.com/inward/record.uri?eid=2-s2.0-85181532039&doi=10.1371%2fjournal.pone.0296484&partnerID=40&md5=542492a1f3d8eac02ae5540cde1511f7","Article","Final","All Open Access; Gold Open Access; Green Open Access","Scopus","2-s2.0-85181532039"
"Feraco T.; Carbone E.; Cramarossa G.; Meneghetti C.","Feraco, Tommaso (57218109907); Carbone, Elena (14631719600); Cramarossa, Giulia (59538129900); Meneghetti, Chiara (6602124418)","57218109907; 14631719600; 59538129900; 6602124418","The role of social, emotional, and behavioral skills for nature connectedness, action competence, and proenvironmental behaviors in adolescence","2025","Environmental Education Research","31","6","","1224","1239","15","1","10.1080/13504622.2025.2459323","https://www.scopus.com/inward/record.uri?eid=2-s2.0-85216677643&doi=10.1080%2f13504622.2025.2459323&partnerID=40&md5=6744962fb9d500c7aa03a42a11299b2f","Article","Final","","Scopus","2-s2.0-85216677643"
"Mielke I.; Hampe W.; Ehrhardt M.; Knorr M.","Mielke, Ina (57218228556); Hampe, Wolfgang (6603613426); Ehrhardt, Maren (55230466500); Knorr, Mirjana (56428724300)","57218228556; 6603613426; 55230466500; 56428724300","Spoilt for Choice in Undergraduate Medical Admission: Selection of Confident and Considerate Students Using Professional Prequalification and Situational Judgement Test","2025","Perspectives on Medical Education","14","1","","360","370","10","0","10.5334/pme.1571","https://www.scopus.com/inward/record.uri?eid=2-s2.0-105009221598&doi=10.5334%2fpme.1571&partnerID=40&md5=c9f53175151c0990dcb1427f1e594227","Article","Final","","Scopus","2-s2.0-105009221598"
"Dupré S.; Wille B.","Dupré, Sofie (57758996700); Wille, Bart (35729434100)","57758996700; 35729434100","Toward Theory-Based Volitional Personality Development Interventions at Work","2025","International Journal of Selection and Assessment","33","1","e70000","","","","0","10.1111/ijsa.70000","https://www.scopus.com/inward/record.uri?eid=2-s2.0-85215300830&doi=10.1111%2fijsa.70000&partnerID=40&md5=458ce8e280c514de99427941171955b6","Note","Final","","Scopus","2-s2.0-85215300830"
"Becker M.","Becker, Michael (35572421600)","35572421600","Socio-emotional characteristics and education; [Sozioemotionale Charakteristika und Bildung]","2024","Zeitschrift fur Erziehungswissenschaft","","","","","","","1","10.1007/s11618-024-01217-8","https://www.scopus.com/inward/record.uri?eid=2-s2.0-85184172475&doi=10.1007%2fs11618-024-01217-8&partnerID=40&md5=62a3fcde5376cebf4aec1210628a7f65","Article","Article in press","All Open Access; Hybrid Gold Open Access","Scopus","2-s2.0-85184172475"
"Bakracheva M.; Zamfirov M.","Bakracheva, Margarita (57221760930); Zamfirov, Milen (16242868700)","57221760930; 16242868700","SCALE FOR INͳSERVICE TEACHERS’ ASSESSMENT OF CHILDREN’S AND STUDENTS’ SOCIAL DEVELOPMENT","2024","Bulgarian Journal of Psychiatry","9","3","","9","17","8","0","","https://www.scopus.com/inward/record.uri?eid=2-s2.0-85208596258&partnerID=40&md5=e392342c5e7b6b7c95d6c023bb6cd715","Article","Final","","Scopus","2-s2.0-85208596258"
"Ouakouak M.L.; Ouedraogo N.; Hewapathirana G.I.; Zaitouni M.","Ouakouak, Mohammed Laid (56100271900); Ouedraogo, Noufou (57213093546); Hewapathirana, Gertrude I. (57133112600); Zaitouni, Michel (55342412400)","56100271900; 57213093546; 57133112600; 55342412400","Role of leaders' positive mindset in mitigating the effects of crises on organizations: The case of Canadian organizations","2025","PLoS ONE","20","3 March","e0319931","","","","0","10.1371/journal.pone.0319931","https://www.scopus.com/inward/record.uri?eid=2-s2.0-105000887058&doi=10.1371%2fjournal.pone.0319931&partnerID=40&md5=5633849591b6053f55f909cf72c24ba9","Article","Final","","Scopus","2-s2.0-105000887058"
"Hübner N.; Winstone N.; Merk S.; Hattie J.","Hübner, Nicolas (57193739389); Winstone, Naomi (52264914300); Merk, Samuel (57195741105); Hattie, John (7004391680)","57193739389; 52264914300; 57195741105; 7004391680","Teacher feedback and students’ self-concept, intrinsic value, and achievement in mathematics: Juxtaposing between- and within-person perspectives on long-term reciprocal relationships","2025","Contemporary Educational Psychology","81","","102365","","","","0","10.1016/j.cedpsych.2025.102365","https://www.scopus.com/inward/record.uri?eid=2-s2.0-105003096991&doi=10.1016%2fj.cedpsych.2025.102365&partnerID=40&md5=2866cccff248330b0533d001e962a46f","Article","Final","","Scopus","2-s2.0-105003096991"
"Joshanloo M.","Joshanloo, Mohsen (23392506000)","23392506000","Within-person associations between personality traits and loneliness controlling for negative affect","2024","Personality and Individual Differences","223","","112609","","","","3","10.1016/j.paid.2024.112609","https://www.scopus.com/inward/record.uri?eid=2-s2.0-85186358609&doi=10.1016%2fj.paid.2024.112609&partnerID=40&md5=e9da3891fdd4eb5131cd6e4bf2b4a972","Article","Final","","Scopus","2-s2.0-85186358609"
"García L.F.; Gutiérrez F.; García O.; Aluja A.","García, Luis F. (7402428979); Gutiérrez, Fernando (7102343268); García, Oscar (57418949100); Aluja, Anton (6701479527)","7402428979; 7102343268; 57418949100; 6701479527","The Alternative Model of Personality Disorders: Assessment, Convergent and Discriminant Validity, and a Look to the Future","2024","Annual Review of Clinical Psychology","20","1","","431","455","24","18","10.1146/annurev-clinpsy-081122-010709","https://www.scopus.com/inward/record.uri?eid=2-s2.0-85192957008&doi=10.1146%2fannurev-clinpsy-081122-010709&partnerID=40&md5=6d642b32fd7df7226806303ec9ac0ce3","Review","Final","","Scopus","2-s2.0-85192957008"
"Soto C.J.; Napolitano C.M.; Sewell M.N.; Yoon H.J.; Roberts B.W.","Soto, Christopher J. (24167147000); Napolitano, Christopher M. (35849097300); Sewell, Madison N. (57225959237); Yoon, Hee Jun (57225949182); Roberts, Brent W. (7402979014)","24167147000; 35849097300; 57225959237; 57225949182; 7402979014","Going Beyond Traits: Social, Emotional, and Behavioral Skills Matter for Adolescents’ Success","2024","Social Psychological and Personality Science","15","1","","33","45","12","28","10.1177/19485506221127483","https://www.scopus.com/inward/record.uri?eid=2-s2.0-85139470562&doi=10.1177%2f19485506221127483&partnerID=40&md5=8065332358d497ef76486ee0b13c426e","Article","Final","All Open Access; Green Open Access; Hybrid Gold Open Access","Scopus","2-s2.0-85139470562"
"Mornar M.","Mornar, Mirta (57539161300)","57539161300","Teachers’ Social and Emotional Competencies and Their Role in Occupational Well-Being; [Učiteljske socio-emocionalne kompetencije i njihova uloga u profesionalnoj dobrobiti]","2024","Psihologijske Teme","33","3","","503","526","23","0","10.31820/pt.33.3.2","https://www.scopus.com/inward/record.uri?eid=2-s2.0-85212758479&doi=10.31820%2fpt.33.3.2&partnerID=40&md5=e8efae880b4c24365588ccb0dc8d8b8c","Article","Final","All Open Access; Gold Open Access","Scopus","2-s2.0-85212758479"
"Borman T.C.; Dunlop P.D.; Gagné M.; Neale M.","Borman, Tristan C. (58140237700); Dunlop, Patrick D. (7005406522); Gagné, Marylène (7102489016); Neale, Matthew (58132309400)","58140237700; 7005406522; 7102489016; 58132309400","Improving Reactions to Forced-Choice Personality Measures in Simulated Job Application Contexts Through the Satisfaction of Psychological Needs","2024","Journal of Business and Psychology","39","1","","1","18","17","11","10.1007/s10869-023-09876-w","https://www.scopus.com/inward/record.uri?eid=2-s2.0-85149940583&doi=10.1007%2fs10869-023-09876-w&partnerID=40&md5=eb9cbe03103b8eb768aa32a868d6d06b","Article","Final","All Open Access; Hybrid Gold Open Access","Scopus","2-s2.0-85149940583"
"Napolitano C.M.; Sewell M.N.; Yoon H.; Elmi C.; Roberts B.W.","Napolitano, Christopher M. (35849097300); Sewell, Madison N. (57225959237); Yoon, Heejun (57225949182); Elmi, Christopher (58115327900); Roberts, Brent W. (7402979014)","35849097300; 57225959237; 57225949182; 58115327900; 7402979014","SELF-REGULATION: A Character Development Perspective","2024","The Routledge International Handbook of Multidisciplinary Perspectives on Character Development, Volume II: Moderators, Threats, and Contexts","","","","137","162","25","1","10.4324/9781003252450-8","https://www.scopus.com/inward/record.uri?eid=2-s2.0-85190218392&doi=10.4324%2f9781003252450-8&partnerID=40&md5=641c7d7bf8f623dfcbf9088ebdcd1ac8","Book chapter","Final","","Scopus","2-s2.0-85190218392"
"Wang F.; King R.B.; Zeng L.M.","Wang, Faming (57226655706); King, Ronnel B. (53879992500); Zeng, Lily Min (55775985600)","57226655706; 53879992500; 55775985600","Cooperative school climates are positively linked with socio-emotional skills: A Cross-National Study","2024","British Journal of Educational Psychology","94","2","","622","641","19","12","10.1111/bjep.12670","https://www.scopus.com/inward/record.uri?eid=2-s2.0-85186950610&doi=10.1111%2fbjep.12670&partnerID=40&md5=e5545c3bc6927672ef432110cae51dc4","Article","Final","All Open Access; Hybrid Gold Open Access","Scopus","2-s2.0-85186950610"
"Huo M.; Ning B.","Huo, Ming (57221786044); Ning, Bo (56577560400)","57221786044; 56577560400","Mapping the maze: A network analysis of social–emotional skills among children and adolescents with social–emotional difficulties","2025","British Journal of Psychology","116","1","","233","249","16","0","10.1111/bjop.12751","https://www.scopus.com/inward/record.uri?eid=2-s2.0-85211490595&doi=10.1111%2fbjop.12751&partnerID=40&md5=cc24a68469cf56e1cb9bbf7977ca9bb1","Article","Final","","Scopus","2-s2.0-85211490595"
"Bleidorn W.; Hopwood C.J.","Bleidorn, Wiebke (27367623900); Hopwood, Christopher J. (58085904900)","27367623900; 58085904900","A motivational framework of personality development in late adulthood","2024","Current Opinion in Psychology","55","","101731","","","","4","10.1016/j.copsyc.2023.101731","https://www.scopus.com/inward/record.uri?eid=2-s2.0-85181759509&doi=10.1016%2fj.copsyc.2023.101731&partnerID=40&md5=79440a8801fb3830ee5e17992825456c","Review","Final","All Open Access; Green Open Access; Hybrid Gold Open Access","Scopus","2-s2.0-85181759509"
"Wendt L.P.; Zimmermann J.; Spitzer C.; Müller S.","Wendt, Leon P. (57215117866); Zimmermann, Johannes (58165242600); Spitzer, Carsten (7005557645); Müller, Sascha (57219847252)","57215117866; 58165242600; 7005557645; 57219847252","Mindreading Measures Misread? A Multimethod Investigation Into the Validity of Self-Report and Task-Based Approaches","2024","Psychological Assessment","36","5","","365","378","13","11","10.1037/pas0001310","https://www.scopus.com/inward/record.uri?eid=2-s2.0-85189159448&doi=10.1037%2fpas0001310&partnerID=40&md5=d445210e78e4905d7ab82ef678ea6129","Article","Final","","Scopus","2-s2.0-85189159448"
"Roemer L.; Rammstedt B.; Lechner C.M.","Roemer, Lena (57218367880); Rammstedt, Beatrice (55961492400); Lechner, Clemens M. (55825858900)","57218367880; 55961492400; 55825858900","Do social engagement skills exist and matter beyond personality facet traits and vocational interests? A generalization study across six countries","2024","Learning and Individual Differences","115","","102522","","","","1","10.1016/j.lindif.2024.102522","https://www.scopus.com/inward/record.uri?eid=2-s2.0-85201600666&doi=10.1016%2fj.lindif.2024.102522&partnerID=40&md5=686b4cfae8da86b8bdaa07da6b75f983","Article","Final","","Scopus","2-s2.0-85201600666"
"Boarini M.; Romeo A.; Banchelli F.; Grippa E.; Forni S.; la Forgia M.C.; Scognamiglio D.; Ferraris P.C.; Sangiorgi L.","Boarini, Manila (57209605934); Romeo, Andrea (58752892000); Banchelli, Federico (55922090000); Grippa, Eleonora (58136910500); Forni, Silvia (6506274030); la Forgia, Maria Cecilia (58752891900); Scognamiglio, Davide (58752432900); Ferraris, Paolo Cornaglia (36912428300); Sangiorgi, Luca (6701436585)","57209605934; 58752892000; 55922090000; 58136910500; 6506274030; 58752891900; 58752432900; 36912428300; 6701436585","Nature-based interventions for individuals with rare skeletal disorders: evaluation of a 5-day sailing program on health-related quality of life","2024","Scientific Reports","14","1","26339","","","","1","10.1038/s41598-024-77934-1","https://www.scopus.com/inward/record.uri?eid=2-s2.0-85208290798&doi=10.1038%2fs41598-024-77934-1&partnerID=40&md5=0ce249682a6996392e43c68edf9c78e5","Article","Final","All Open Access; Gold Open Access","Scopus","2-s2.0-85208290798"
"Feraco T.; Pellegrino G.; Casali N.; Carretti B.; Meneghetti C.","Feraco, Tommaso (57218109907); Pellegrino, Gerardo (58108291500); Casali, Nicole (57218093590); Carretti, Barbara (55884980200); Meneghetti, Chiara (6602124418)","57218109907; 58108291500; 57218093590; 55884980200; 6602124418","Social, emotional, and behavioral skills in students with or without specific learning disabilities","2025","Learning and Individual Differences","117","","102581","","","","2","10.1016/j.lindif.2024.102581","https://www.scopus.com/inward/record.uri?eid=2-s2.0-85208497002&doi=10.1016%2fj.lindif.2024.102581&partnerID=40&md5=7245e7ce4f144db6968250512b6fe246","Article","Final","All Open Access; Hybrid Gold Open Access","Scopus","2-s2.0-85208497002"
"Grosz M.P.; van Aert R.C.M.; Back M.D.","Grosz, Michael P. (56721165600); van Aert, Robbie C. M. (56043510400); Back, Mitja D. (8613409000)","56721165600; 56043510400; 8613409000","A Meta-Analytic Review of the Associations of Personality, Intelligence, and Physical Size With Social Status","2024","Psychological Bulletin","150","3","","253","283","30","8","10.1037/bul0000416","https://www.scopus.com/inward/record.uri?eid=2-s2.0-85187793992&doi=10.1037%2fbul0000416&partnerID=40&md5=9b90e6ed572a168f2b35961d2ee336ce","Review","Final","","Scopus","2-s2.0-85187793992"
"Jiang C.; Shi J.","Jiang, Chaoxin (57218510814); Shi, Jiaming (58630722800)","57218510814; 58630722800","The relationship between bullying victimization and problematic behaviors: A focus on the intrapersonal emotional competence and interpersonal social competence","2024","Child Abuse and Neglect","152","","106800","","","","8","10.1016/j.chiabu.2024.106800","https://www.scopus.com/inward/record.uri?eid=2-s2.0-85190112506&doi=10.1016%2fj.chiabu.2024.106800&partnerID=40&md5=f8d423fe7d0b1894a5a82f6d55104a4c","Article","Final","","Scopus","2-s2.0-85190112506"
"Dugan K.A.; Vogt R.L.; Zheng A.; Gillath O.; Deboeck P.R.; Fraley R.C.; Briley D.A.","Dugan, Keely A. (57397703000); Vogt, Randi L. (57219269831); Zheng, Anqing (57207986061); Gillath, Omri (6507500695); Deboeck, Pascal R. (25926994900); Fraley, R. Chris (7004333897); Briley, D.A. (55023502500)","57397703000; 57219269831; 57207986061; 6507500695; 25926994900; 7004333897; 55023502500","Life events sometimes alter the trajectory of personality development: Effect sizes for 25 life events estimated using a large, frequently assessed sample","2024","Journal of Personality","92","1","","130","146","16","12","10.1111/jopy.12837","https://www.scopus.com/inward/record.uri?eid=2-s2.0-85152791437&doi=10.1111%2fjopy.12837&partnerID=40&md5=57a6cb7b7fad3365d74d9b2552f908db","Article","Final","All Open Access; Hybrid Gold Open Access","Scopus","2-s2.0-85152791437"
"Collie R.J.; Martin A.J.; Renshaw L.; Caldecott-Davis K.","Collie, Rebecca J. (53982572500); Martin, Andrew J. (7404932331); Renshaw, Lauren (55370388400); Caldecott-Davis, Kate (57219603215)","53982572500; 7404932331; 55370388400; 57219603215","Students’ perceived social-emotional competence: The role of autonomy-support and links with well-being, social-emotional skills, and behaviors","2024","Learning and Instruction","90","","101866","","","","15","10.1016/j.learninstruc.2023.101866","https://www.scopus.com/inward/record.uri?eid=2-s2.0-85179482584&doi=10.1016%2fj.learninstruc.2023.101866&partnerID=40&md5=7d24e2946cccd1899e1fb93e5c0b33d9","Article","Final","All Open Access; Hybrid Gold Open Access","Scopus","2-s2.0-85179482584"
"Li S.; Wang J.; Tian L.; Wang J.; Huang Y.","Li, Shiwei (35215604900); Wang, Jisen (58914706600); Tian, Linbo (59647591700); Wang, Jianqiang (57204699287); Huang, Yan (57218145061)","35215604900; 58914706600; 59647591700; 57204699287; 57218145061","A fine-grained human facial key feature extraction and fusion method for emotion recognition","2025","Scientific Reports","15","1","6153","","","","0","10.1038/s41598-025-90440-2","https://www.scopus.com/inward/record.uri?eid=2-s2.0-85218701602&doi=10.1038%2fs41598-025-90440-2&partnerID=40&md5=0d92a2f8479d171c8f4f66c4362d3754","Article","Final","","Scopus","2-s2.0-85218701602"
"Cieciuch J.","Cieciuch, Jan (57212056110)","57212056110","Personality model for positive clinical psychology; [Model osobowości dla pozytywnej psychologii klinicznej]","2025","Psychiatria i Psychologia Kliniczna","25","1","","1","11","10","0","10.15557/PiPK.2025.0001","https://www.scopus.com/inward/record.uri?eid=2-s2.0-105009815892&doi=10.15557%2fPiPK.2025.0001&partnerID=40&md5=2be4d20ec43ea44efb6158bb7950f2bd","Article","Final","","Scopus","2-s2.0-105009815892"
"Anthony C.J.; Hassani S.; Schwab S.; Howe A.P.; Yost M.; Elliott S.N.; Löper M.; Görel G.; Hellmich F.","Anthony, Christopher J. (56755786500); Hassani, Sepideh (57222962242); Schwab, Susanne (53881872700); Howe, Abigail P. (55536956000); Yost, Michayla (57850720100); Elliott, Stephen N. (23122034800); Löper, Marwin (57212587773); Görel, Gamze (57193392126); Hellmich, Frank (57195228851)","56755786500; 57222962242; 53881872700; 55536956000; 57850720100; 23122034800; 57212587773; 57193392126; 57195228851","Examining the Measurement Invariance and Validity of the SSIS SEL Brief + Mental Health Scales – Student Version in Austria and Germany","2024","International Journal of Emotional Education","16","1","","26","49","23","1","10.56300/HYOT2284","https://www.scopus.com/inward/record.uri?eid=2-s2.0-85191399326&doi=10.56300%2fHYOT2284&partnerID=40&md5=0c7f8aae0b3f0796769f817a57892856","Article","Final","All Open Access; Gold Open Access","Scopus","2-s2.0-85191399326"
"Beatty J.F.; Hill P.L.; Spengler M.","Beatty, Jennifer F. (58628572000); Hill, Patrick L. (24337759300); Spengler, Marion (54988609700)","58628572000; 24337759300; 54988609700","Sense of purpose and social-emotional-behavioral skills during university","2025","Personality and Individual Differences","233","","112870","","","","1","10.1016/j.paid.2024.112870","https://www.scopus.com/inward/record.uri?eid=2-s2.0-85204809371&doi=10.1016%2fj.paid.2024.112870&partnerID=40&md5=3eae2f943e66665a74ba64128418cf7a","Article","Final","All Open Access; Hybrid Gold Open Access","Scopus","2-s2.0-85204809371"
"Jansen T.; Meyer J.; Hattie J.; Möller J.","Jansen, Thorben (57204146061); Meyer, Jennifer (57204920255); Hattie, John (7004391680); Möller, Jens (57020811000)","57204146061; 57204920255; 7004391680; 57020811000","Who Am I? A Second-Order Meta-Analytic Review of Correlates of the Self in Childhood and Adolescence","2024","Psychological Bulletin","150","11","","1287","1317","30","1","10.1037/bul0000449","https://www.scopus.com/inward/record.uri?eid=2-s2.0-85208164134&doi=10.1037%2fbul0000449&partnerID=40&md5=3493906e896d56e7d4bc0cf6a9a3bdbe","Article","Final","All Open Access; Hybrid Gold Open Access","Scopus","2-s2.0-85208164134"
"Klimenko O.; Hernández-Flórez N.; Vizcaíno-Escobar A.E.; Arroyave-Jaramillo D.L.; de la Rosa E.B.; Londoño-Vásquez D.A.; Tamayo-Lopera D.A.; Cantillo-Acosta L.F.; Márquez Rojas N.R.; Hernández-Flórez D.P.","Klimenko, Olena (57328425800); Hernández-Flórez, Nubia (57205189613); Vizcaíno-Escobar, Annia Esther (56576336700); Arroyave-Jaramillo, Diana Lucia (59701036600); de la Rosa, Elisama Beltrán (57428686600); Londoño-Vásquez, David Alberto (55817087400); Tamayo-Lopera, Diego Alfredo (57207695332); Cantillo-Acosta, Luis Felipe (59701763200); Márquez Rojas, Néstor Raúl (59701220200); Hernández-Flórez, Diana Patricia (59700859900)","57328425800; 57205189613; 56576336700; 59701036600; 57428686600; 55817087400; 57207695332; 59701763200; 59701220200; 59700859900","Adaptation and study of psychometric properties of the Socioemotional Competencies Scale (ECSE) in a sample of Colombian students between 12 and 18 years old; [Adaptación y estudio de propiedades psicométricas de la Escala de Competencias Socioemocionales (ECSE) en una muestra de estudiantes colombianos entre 12 y 18 años]","2025","Gaceta Medica de Caracas","133","1","","73","84","11","0","10.47307/GMC.2025.133.1.7","https://www.scopus.com/inward/record.uri?eid=2-s2.0-105000470014&doi=10.47307%2fGMC.2025.133.1.7&partnerID=40&md5=0df6b1a09f61cb5ac6976fbe1ade9b5d","Article","Final","","Scopus","2-s2.0-105000470014"
"Wang L.-L.; Huang D.-X.; Cai D.; Georgiou G.K.","Wang, Ling-Ling (57201471065); Huang, Dan-Xin (59674559800); Cai, Dan (55832515200); Georgiou, George K. (13409273100)","57201471065; 59674559800; 55832515200; 13409273100","The mental health and social emotional skills of students with different learning difficulties in China","2025","Annals of Dyslexia","","","","","","","0","10.1007/s11881-025-00325-2","https://www.scopus.com/inward/record.uri?eid=2-s2.0-86000305022&doi=10.1007%2fs11881-025-00325-2&partnerID=40&md5=4ae4c8d89d3ea1996e30f922e5669d5d","Article","Article in press","","Scopus","2-s2.0-86000305022"
"Walton K.E.; Murano D.; Burrus J.","Walton, Kate E. (35515943700); Murano, Dana (57204430570); Burrus, Jeremy (23007443100)","35515943700; 57204430570; 23007443100","Considerations When Determining Similarity Between Traits and Skills: Raters and Item Types","2025","Journal of Personality Assessment","107","4","","426","438","12","0","10.1080/00223891.2024.2444447","https://www.scopus.com/inward/record.uri?eid=2-s2.0-85214439664&doi=10.1080%2f00223891.2024.2444447&partnerID=40&md5=02ae977df2c2e27faeaf836de470356e","Article","Final","","Scopus","2-s2.0-85214439664"
"Yang J.; Deng Y.; Wang Y.","Yang, Jiaqi (57734695300); Deng, Yuze (58727423300); Wang, Yehui (57208656900)","57734695300; 58727423300; 57208656900","Reciprocal Associations among Social–Emotional Competence, Interpersonal Relationships and Academic Achievements in Primary School","2023","Behavioral Sciences","13","11","922","","","","4","10.3390/bs13110922","https://www.scopus.com/inward/record.uri?eid=2-s2.0-85178131432&doi=10.3390%2fbs13110922&partnerID=40&md5=4a3b165b91fb2ba5510fe6ab505d5b5f","Article","Final","All Open Access; Gold Open Access; Green Open Access","Scopus","2-s2.0-85178131432"
"Wai J.; Kell H.J.; Worrell F.C.","Wai, Jonathan (7004463547); Kell, Harrison J. (35112270800); Worrell, Frank C. (6701390843)","7004463547; 35112270800; 6701390843","Method considerations for school psychology from longitudinal research on gifted students","2024","Journal of School Psychology","103","","101269","","","","1","10.1016/j.jsp.2023.101269","https://www.scopus.com/inward/record.uri?eid=2-s2.0-85180301218&doi=10.1016%2fj.jsp.2023.101269&partnerID=40&md5=0054c0991677b08d0c9cf9a60d00d396","Article","Final","","Scopus","2-s2.0-85180301218"
"Lee J.; Junus A.","Lee, Juyeon (57200079740); Junus, Alvin (57218653968)","57200079740; 57218653968","Differences and Similarities in Youth Social-emotional Competence Measurement Between North American and East Asian Countries: Exploratory Graph Analysis using the OECD Survey on Social and Emotional Skills Data","2024","Child Indicators Research","17","1","","57","79","22","6","10.1007/s12187-023-10074-6","https://www.scopus.com/inward/record.uri?eid=2-s2.0-85172015924&doi=10.1007%2fs12187-023-10074-6&partnerID=40&md5=cb0f182adfbba4b7a74b669c78b5be25","Article","Final","","Scopus","2-s2.0-85172015924"
"Xie X.; Que J.; Sun L.; Sun T.; Yang F.","Xie, Xinlan (59204508300); Que, Jiaqun (59705033100); Sun, Linsu (59204508200); Sun, Tao (57464225600); Yang, Feng (59705206100)","59204508300; 59705033100; 59204508200; 57464225600; 59705206100","Association between urbanization levels and frailty among middle-aged and older adults in China: evidence from the CHARLS","2025","BMC Medicine","23","1","171","","","","0","10.1186/s12916-025-03961-y","https://www.scopus.com/inward/record.uri?eid=2-s2.0-105000735041&doi=10.1186%2fs12916-025-03961-y&partnerID=40&md5=dc7ae9b544a4efdfb05327d1b10ee56f","Article","Final","","Scopus","2-s2.0-105000735041"
"De Fruyt F.; Scheirlinckx J.","De Fruyt, Filip (7003352286); Scheirlinckx, Joyce (58195528500)","7003352286; 58195528500","Challenges and Opportunities for the Assessment of Social-Emotional Skills","2025","ECNU Review of Education","","","","","","","0","10.1177/20965311251319355","https://www.scopus.com/inward/record.uri?eid=2-s2.0-105000439280&doi=10.1177%2f20965311251319355&partnerID=40&md5=232159529b1adf9fa920c47b8a08a120","Review","Article in press","All Open Access; Gold Open Access","Scopus","2-s2.0-105000439280"
"Brandt N.D.; Spengler M.; Lechner C.M.; Göllner R.; Wagner J.","Brandt, Naemi D. (57204001441); Spengler, Marion (54988609700); Lechner, Clemens M. (55825858900); Göllner, Richard (56661056800); Wagner, Jenny (25029203900)","57204001441; 54988609700; 55825858900; 56661056800; 25029203900","Associations between a multifaceted personality and academic performance in secondary school","2025","European Journal of Personality","39","2","","158","178","20","0","10.1177/08902070241272202","https://www.scopus.com/inward/record.uri?eid=2-s2.0-105000273484&doi=10.1177%2f08902070241272202&partnerID=40&md5=299d187f4c59cedf12315e20ef23ff91","Article","Final","","Scopus","2-s2.0-105000273484"
"Colledani D.; Robusto E.; Anselmi P.","Colledani, Daiana (56996131300); Robusto, Egidio (23019573400); Anselmi, Pasquale (36957013000)","56996131300; 23019573400; 36957013000","Assessing key soft skills in organizational contexts: development and validation of the multiple soft skills assessment tool","2024","Frontiers in Psychology","15","","1405822","","","","0","10.3389/fpsyg.2024.1405822","https://www.scopus.com/inward/record.uri?eid=2-s2.0-85209378811&doi=10.3389%2ffpsyg.2024.1405822&partnerID=40&md5=d46d5117f83ba5bd63626ad6ecba4e98","Article","Final","All Open Access; Gold Open Access","Scopus","2-s2.0-85209378811"
"Binfet J.-T.; Green F.L.L.; Roche S.; Scott C.","Binfet, John-Tyler (57021715800); Green, Freya L. L. (57225970699); Roche, Sherri (58762367800); Scott, Cassidy (58763394300)","57021715800; 57225970699; 58762367800; 58763394300","When Teachers have Autonomy to create SEL Initiatives: Conceptualizations and Iterations","2023","International Journal of Emotional Education","15","2","","156","163","7","1","10.56300/AGDE1576","https://www.scopus.com/inward/record.uri?eid=2-s2.0-85179688052&doi=10.56300%2fAGDE1576&partnerID=40&md5=bf2426a076f41b205e80a86a0390a613","Article","Final","All Open Access; Gold Open Access; Green Open Access","Scopus","2-s2.0-85179688052"
"Briskin J.L.; Gunsalus C.K.","Briskin, Julia L. (57196943447); Gunsalus, C.K. (57492160500)","57196943447; 57492160500","Fostering Accountability: How Institutions Can Promote Research Integrity with Practical Tools and Knowledge","2025","Journal of Law, Medicine and Ethics","53","1","","67","73","6","0","10.1017/jme.2025.40","https://www.scopus.com/inward/record.uri?eid=2-s2.0-105009047608&doi=10.1017%2fjme.2025.40&partnerID=40&md5=81114872698747e1082751a458ea8cf2","Conference paper","Final","","Scopus","2-s2.0-105009047608"
"Garcia D.; Kazemitabar M.; Björk E.; Daniele T.M.D.C.; Mihailovic M.; Cloninger K.M.; Frota M.A.; Cloninger C.R.","Garcia, Danilo (7202747958); Kazemitabar, Maryam (57190303974); Björk, Elina (57411615600); Daniele, Thiago Medeiros da Costa (55503401400); Mihailovic, Marko (56376540100); Cloninger, Kevin M. (55237760000); Frota, Mirna Albuquerque (55666871800); Cloninger, C.Robert (7006657916)","7202747958; 57190303974; 57411615600; 55503401400; 56376540100; 55237760000; 55666871800; 7006657916","Nursing students' personality (Temperament and Character), burnout symptoms, and health and well-being","2024","International Journal of Nursing Studies Advances","6","","100206","","","","3","10.1016/j.ijnsa.2024.100206","https://www.scopus.com/inward/record.uri?eid=2-s2.0-85193273340&doi=10.1016%2fj.ijnsa.2024.100206&partnerID=40&md5=e66e55a2db716c9e474d780ed20a964c","Article","Final","All Open Access; Gold Open Access; Green Open Access","Scopus","2-s2.0-85193273340"
"Lechner C.M.; Urban J.","Lechner, Clemens M. (55825858900); Urban, Julian (57606339900)","55825858900; 57606339900","Inequalities in adolescents' social, emotional, and behavioral skills: Differences across social categories and their intersections","2025","Learning and Individual Differences","118","","102605","","","","0","10.1016/j.lindif.2024.102605","https://www.scopus.com/inward/record.uri?eid=2-s2.0-85211700412&doi=10.1016%2fj.lindif.2024.102605&partnerID=40&md5=66733df96cbdb8520ce3ba0c4ffca48c","Article","Final","","Scopus","2-s2.0-85211700412"
"Praetorius A.-K.; Charalambous C.Y.; Vieluf S.; Steffensky M.; Göllner R.; Fauth B.","Praetorius, Anna-Katharina (48761908400); Charalambous, Charalambos Y. (15839162000); Vieluf, Svenja (36096125400); Steffensky, Mirjam (16242379400); Göllner, Richard (56661056800); Fauth, Benjamin (55810354400)","48761908400; 15839162000; 36096125400; 16242379400; 56661056800; 55810354400","Rethinking teaching-quality research: a reflection on the role of core working assumptions and possible pathways for future research","2025","School Effectiveness and School Improvement","36","2","","314","334","20","1","10.1080/09243453.2025.2482575","https://www.scopus.com/inward/record.uri?eid=2-s2.0-105005010119&doi=10.1080%2f09243453.2025.2482575&partnerID=40&md5=0536c5201a7b7081b41e5b7c0d5d101d","Article","Final","","Scopus","2-s2.0-105005010119"
"Meng H.; He S.; Guo J.; Wang H.; Tang X.","Meng, Han (58715316100); He, Shiyu (58023638300); Guo, Jiesi (56479534900); Wang, Huiru (56046884000); Tang, Xin (57206729170)","58715316100; 58023638300; 56479534900; 56046884000; 57206729170","Applying machine learning to understand the role of social–emotional skills on subjective well-being and physical health","2025","Applied Psychology: Health and Well-Being","17","1","e12624","","","","1","10.1111/aphw.12624","https://www.scopus.com/inward/record.uri?eid=2-s2.0-85208619265&doi=10.1111%2faphw.12624&partnerID=40&md5=546a6c06456a3d0c6df6ef6ae67cc821","Article","Final","All Open Access; Hybrid Gold Open Access","Scopus","2-s2.0-85208619265"
"Krämer M.D.; Hopwood C.J.; Miller T.J.; Bleidorn W.","Krämer, Michael D. (57208213476); Hopwood, Christopher J. (9638074800); Miller, Travis J. (57020527100); Bleidorn, Wiebke (27367623900)","57208213476; 9638074800; 57020527100; 27367623900","What Explains Personality Change Intervention Effects?","2025","Journal of Personality and Social Psychology","","","","","","","1","10.1037/pspp0000565","https://www.scopus.com/inward/record.uri?eid=2-s2.0-105008536080&doi=10.1037%2fpspp0000565&partnerID=40&md5=82d8dcaca7ee84b9fe7cf5cea177db89","Article","Article in press","","Scopus","2-s2.0-105008536080"
"Springstein T.; English T.","Springstein, Tabea (57221758734); English, Tammy (7004961869)","57221758734; 7004961869","Distinguishing Emotion Regulation Success in Daily Life From Maladaptive Regulation and Dysregulation","2024","Personality and Social Psychology Review","28","2","","209","224","15","19","10.1177/10888683231199140","https://www.scopus.com/inward/record.uri?eid=2-s2.0-85171778128&doi=10.1177%2f10888683231199140&partnerID=40&md5=621834a0d3059b9bb4eeee481cad5f8b","Review","Final","","Scopus","2-s2.0-85171778128"
"Burić I.; Kovačić M.P.; Jakšić K.","Burić, Irena (25957592600); Kovačić, Maja Parmač (55222010300); Jakšić, Krešimir (57212563505)","25957592600; 55222010300; 57212563505","Modeling the hierarchy of teacher personality: The predictive power of domains and incremental facets for teacher job-related outcomes","2024","Personality and Individual Differences","219","","112496","","","","0","10.1016/j.paid.2023.112496","https://www.scopus.com/inward/record.uri?eid=2-s2.0-85178358475&doi=10.1016%2fj.paid.2023.112496&partnerID=40&md5=083574bf87be152df8e1b3c32446ce4b","Article","Final","","Scopus","2-s2.0-85178358475"
"Feraco T.; Hudson N.W.; Soto C.J.","Feraco, Tommaso (57218109907); Hudson, Nathan W. (55175759700); Soto, Christopher J. (24167147000)","57218109907; 55175759700; 24167147000","Differences in change goals between personality traits and social, emotional, and behavioral skills","2025","Personality and Individual Differences","241","","113200","","","","2","10.1016/j.paid.2025.113200","https://www.scopus.com/inward/record.uri?eid=2-s2.0-105001834815&doi=10.1016%2fj.paid.2025.113200&partnerID=40&md5=5bf1d48a5e0642064b86ccecb34a6fef","Article","Final","","Scopus","2-s2.0-105001834815"
"Pocius E.; Malinauskas R.","Pocius, Eimantas (57666666100); Malinauskas, Romualdas (8440868100)","57666666100; 8440868100","Developing positive behavioral skills among adolescents participating in basketball sports schools","2025","Frontiers in Psychology","16","","1444333","","","","0","10.3389/fpsyg.2025.1444333","https://www.scopus.com/inward/record.uri?eid=2-s2.0-105008869282&doi=10.3389%2ffpsyg.2025.1444333&partnerID=40&md5=92d02fd605d795398484f3133efea764","Article","Final","","Scopus","2-s2.0-105008869282"
"Liu Z.; Guo J.; Huang H.; Tang X.","Liu, Zepeng (59772003400); Guo, Jiesi (56479534900); Huang, Haoyan (58484629200); Tang, Xin (57206729170)","59772003400; 56479534900; 58484629200; 57206729170","Which social-emotional skills are most important for students' learning and well-being? An international comparison among China, USA and Finland","2025","Learning and Individual Differences","121","","102703","","","","0","10.1016/j.lindif.2025.102703","https://www.scopus.com/inward/record.uri?eid=2-s2.0-105004323642&doi=10.1016%2fj.lindif.2025.102703&partnerID=40&md5=4d485e6077b2ff5eeb86bd1dfee2cc06","Article","Final","","Scopus","2-s2.0-105004323642"
"Yang X.; Yan J.; Cui Z.","Yang, Xiaoli (59893427500); Yan, Junyu (59894364900); Cui, Ziqian (59894365000)","59893427500; 59894364900; 59894365000","Exploring the association between social and emotional skills and online social experiences: a network analysis and latent profile analysis","2025","Frontiers in Psychiatry","16","","1582272","","","","0","10.3389/fpsyt.2025.1582272","https://www.scopus.com/inward/record.uri?eid=2-s2.0-105004888712&doi=10.3389%2ffpsyt.2025.1582272&partnerID=40&md5=26d6755df6bb97326ee31aa998df7f9b","Article","Final","","Scopus","2-s2.0-105004888712"
"Krautter K.; Büchner A.; Jachimowicz J.M.","Krautter, Kai (57223140936); Büchner, Anabel (58736442400); Jachimowicz, Jon M. (57194271969)","57223140936; 58736442400; 57194271969","Extraverts Reap Greater Social Rewards From Passion Because They Express Passion More Frequently and More Diversely","2025","Personality and Social Psychology Bulletin","51","7","","1159","1172","13","4","10.1177/01461672231211843","https://www.scopus.com/inward/record.uri?eid=2-s2.0-85178343258&doi=10.1177%2f01461672231211843&partnerID=40&md5=d80fa364c8906373e4f8ecaa9135d7f0","Article","Final","","Scopus","2-s2.0-85178343258"
"Huttunen I.; Upadyaya K.; Salmela-Aro K.","Huttunen, Ida (59252024900); Upadyaya, Katja (53878805400); Salmela-Aro, Katariina (6701493794)","59252024900; 53878805400; 6701493794","Longitudinal associations between adolescents' social-emotional skills, school engagement, and school burnout","2024","Learning and Individual Differences","115","","102537","","","","4","10.1016/j.lindif.2024.102537","https://www.scopus.com/inward/record.uri?eid=2-s2.0-85201789416&doi=10.1016%2fj.lindif.2024.102537&partnerID=40&md5=246742db28e69f825b3a60e8554d9b33","Article","Final","All Open Access; Hybrid Gold Open Access","Scopus","2-s2.0-85201789416"
"Cheng R.; Lawson K.M.; Robins R.W.","Cheng, Rongxin (58668297700); Lawson, Katherine M. (55382523000); Robins, Richard W. (7201586069)","58668297700; 55382523000; 7201586069","Do Temperament Trajectories From Late Childhood Through Adolescence Predict Success in School? Findings From a Longitudinal Study of Mexican-Origin Youth","2023","Journal of Personality and Social Psychology","126","1","","128","149","21","1","10.1037/pspp0000475","https://www.scopus.com/inward/record.uri?eid=2-s2.0-85185708369&doi=10.1037%2fpspp0000475&partnerID=40&md5=7672c5c20ba1c8bcbc9ad39dab678753","Article","Final","All Open Access; Green Open Access; Hybrid Gold Open Access","Scopus","2-s2.0-85185708369"
"Hickman L.; Liff J.; Willis C.; Kim E.","Hickman, Louis (57188624116); Liff, Josh (57220418819); Willis, Colin (57337802700); Kim, Emily (59781832700)","57188624116; 57220418819; 57337802700; 59781832700","Can Interviewees Fake Out AI? Comparing the Susceptibility and Mechanisms of Faking Across Self-Reports, Human Interview Ratings, and AI Interview Ratings","2025","International Journal of Selection and Assessment","33","2","e70014","","","","1","10.1111/ijsa.70014","https://www.scopus.com/inward/record.uri?eid=2-s2.0-105004466339&doi=10.1111%2fijsa.70014&partnerID=40&md5=727842be88b6ea549db2a9cd002e2ab8","Article","Final","","Scopus","2-s2.0-105004466339"
"Dargahi H.; Khonsari M.H.K.; Kooshkebaghi M.","Dargahi, Hossein (23396746700); Khonsari, Mohammad Hossein Ketabchi (59546024500); Kooshkebaghi, Mahdi (57211315365)","23396746700; 59546024500; 57211315365","Explaining a Hybrid Competency-Meritocracy Model for Selection of Hospitals Executive Managers: A Scoping Review","2025","Medical Journal of the Islamic Republic of Iran","39","1","6","","","","0","10.47176/mjiri.39.6","https://www.scopus.com/inward/record.uri?eid=2-s2.0-85217102223&doi=10.47176%2fmjiri.39.6&partnerID=40&md5=562d08f551f79dd71acac92bb0b51471","Article","Final","All Open Access; Gold Open Access","Scopus","2-s2.0-85217102223"
"Schoon I.; Mele F.; Burger K.","Schoon, Ingrid (55954783800); Mele, Francesca (58559879400); Burger, Kaspar (35572614000)","55954783800; 58559879400; 35572614000","Academic agency and educational attainment: The intersection of SES, ethnicity and sex","2025","Learning and Individual Differences","120","","102689","","","","0","10.1016/j.lindif.2025.102689","https://www.scopus.com/inward/record.uri?eid=2-s2.0-105001808409&doi=10.1016%2fj.lindif.2025.102689&partnerID=40&md5=25f138f89b7eaf2e7ae91557fd86bff4","Article","Final","","Scopus","2-s2.0-105001808409"
"Jach H.K.; Bardach L.; Murayama K.","Jach, Hayley K. (57192990490); Bardach, Lisa (57194829477); Murayama, Kou (11042338700)","57192990490; 57194829477; 11042338700","How Personality Matters for Education Research","2023","Educational Psychology Review","35","3","94","","","","15","10.1007/s10648-023-09807-4","https://www.scopus.com/inward/record.uri?eid=2-s2.0-85171483166&doi=10.1007%2fs10648-023-09807-4&partnerID=40&md5=244566bf4e309aff5e3d6417bbf69e49","Review","Final","All Open Access; Hybrid Gold Open Access","Scopus","2-s2.0-85171483166"
"Sidera F.; Amadó A.; Andrés-Roqueta C.; Plumed A.G.; Perpiñà G.; Soria-Izquierdo E.; Serrat E.","Sidera, Francesc (36505028700); Amadó, Anna (36503656000); Andrés-Roqueta, Clara (55295862200); Plumed, Ana Górriz (59663107300); Perpiñà, Georgina (57190576159); Soria-Izquierdo, Eloy (57224616361); Serrat, Elisabet (24403128000)","36505028700; 36503656000; 55295862200; 59663107300; 57190576159; 57224616361; 24403128000","Adaptation and Preliminary Validation of the TRUST for Primary School Teachers (TRUST-PS); [Adaptación y validación preliminar del TRUST para docentes de Educación Primaria (TRUST-PS)]","2025","Psicologia Educativa","31","1","","63","71","8","0","10.5093/psed2025a8","https://www.scopus.com/inward/record.uri?eid=2-s2.0-85216294351&doi=10.5093%2fpsed2025a8&partnerID=40&md5=358278e08b282c5f49e2a010ddf81403","Article","Final","All Open Access; Gold Open Access","Scopus","2-s2.0-85216294351"
"Kogler A.; Gasteiger-Klicpera B.; Prinz K.; Paleczek L.","Kogler, Andrea (58618842500); Gasteiger-Klicpera, Barbara (57192068906); Prinz, Katharina (57467110300); Paleczek, Lisa (56039656000)","58618842500; 57192068906; 57467110300; 56039656000","Digitally assessing social–emotional skills in early school years: initial validation of a screening instrument","2025","Frontiers in Psychology","16","","1529083","","","","0","10.3389/fpsyg.2025.1529083","https://www.scopus.com/inward/record.uri?eid=2-s2.0-85218710575&doi=10.3389%2ffpsyg.2025.1529083&partnerID=40&md5=394b2f519f0c3d716f6760df65e3de54","Article","Final","All Open Access; Gold Open Access","Scopus","2-s2.0-85218710575"
"Vega-Dienstmaier J.M.; Caballero-Peralta J.; Ascate-K’ana M.; Tavera-Palomino M.","Vega-Dienstmaier, Johann M. (6602693575); Caballero-Peralta, July (58090751000); Ascate-K’ana, Magaly (59009189900); Tavera-Palomino, Mariela (59009190000)","6602693575; 58090751000; 59009189900; 59009190000","Validation of the self-applicable version of the Resilience Subscale of the BESSI-45 Inventory in Peruvian adolescents aged 12 to 17 years; [Validación de la versión autoaplicable de la Subescala de Resiliencia del Inventario BESSI-45 en adolescentes peruanos de 12 a 17 años de edad]","2024","Revista de Neuro-Psiquiatria","87","1","","18","31","13","0","10.20453/rnp.v87i1.5046","https://www.scopus.com/inward/record.uri?eid=2-s2.0-85191889851&doi=10.20453%2frnp.v87i1.5046&partnerID=40&md5=1f49ea3b3302dbfb4244182bb98e9d63","Article","Final","All Open Access; Gold Open Access","Scopus","2-s2.0-85191889851"
"Napolitano C.M.; Schmid Callina K.; Mueller M.K.; Budesheim E.F.; Zarkada S.","Napolitano, Christopher M. (35849097300); Schmid Callina, Kristina (55672735100); Mueller, Megan K. (47962323000); Budesheim, Erin F. (59421493000); Zarkada, Simoni (59421493100)","35849097300; 55672735100; 47962323000; 59421493000; 59421493100","The history of the study of adolescence","2024","Encyclopedia of Adolescence, Second Edition: Volumes 1-3","","","","Vol1:509","Vol1:518","","0","10.1016/B978-0-323-96023-6.00061-0","https://www.scopus.com/inward/record.uri?eid=2-s2.0-85209971929&doi=10.1016%2fB978-0-323-96023-6.00061-0&partnerID=40&md5=d397952804c466c7b68a2e8edf6c875e","Book chapter","Final","","Scopus","2-s2.0-85209971929"
"Sultanova G.; Shora N.","Sultanova, Gulbakhyt (57192078606); Shora, Nurym (58951383200)","57192078606; 58951383200","Comparing the Impact of Non-Cognitive Skills in STEM and Non-STEM Contexts in Kazakh Secondary Education","2024","Education Sciences","14","10","1109","","","","1","10.3390/educsci14101109","https://www.scopus.com/inward/record.uri?eid=2-s2.0-85207733555&doi=10.3390%2feducsci14101109&partnerID=40&md5=b772cb9d28e2a0c0da0f88360ce43b16","Article","Final","","Scopus","2-s2.0-85207733555"
"Fearon P.A.; Götz F.M.","Fearon, Patricia Andrews (57192708495); Götz, Friedrich M. (56681836600)","57192708495; 56681836600","The Zero-Sum Mindset","2024","Journal of Personality and Social Psychology","127","4","","758","795","37","5","10.1037/pspa0000404","https://www.scopus.com/inward/record.uri?eid=2-s2.0-85210461580&doi=10.1037%2fpspa0000404&partnerID=40&md5=a211f219815ca3f239a9f3339bdba263","Article","Final","","Scopus","2-s2.0-85210461580"
"Chen L.; Zhang B.; Li J.","Chen, Lilang (59235857500); Zhang, Bo (57205953238); Li, Jian (58610597400)","59235857500; 57205953238; 58610597400","Social, Emotional, and Behavioral (SEB) Skills in the Workplace","2024","Collabra: Psychology","10","1","120531","","","","4","10.1525/collabra.120531","https://www.scopus.com/inward/record.uri?eid=2-s2.0-85199704920&doi=10.1525%2fcollabra.120531&partnerID=40&md5=921fffc88ea22e439c388054a4b3f7ac","Article","Final","All Open Access; Gold Open Access","Scopus","2-s2.0-85199704920"
"Breil S.M.; Amelung D.; Oberst S.; Rollinger T.; Ahrens H.; Garbe A.; Kadmon M.; Marschall B.; Back M.D.; Peters H.","Breil, Simon M. (57201212177); Amelung, Dorothee (55639736800); Oberst, Sebastian (36669024500); Rollinger, Torsten (57211386798); Ahrens, Helmut (59822955400); Garbe, Amelie (59002463600); Kadmon, Martina (6603680706); Marschall, Bernhard (6701488491); Back, Mitja D. (8613409000); Peters, Harm (7202544569)","57201212177; 55639736800; 36669024500; 57211386798; 59822955400; 59002463600; 6603680706; 6701488491; 8613409000; 7202544569","Physicians’ Social Skills – Conceptualization, Taxonomy, and Behavioral Assessment","2024","Perspectives on Medical Education","13","1","","635","645","10","1","10.5334/pme.1171","https://www.scopus.com/inward/record.uri?eid=2-s2.0-85205344498&doi=10.5334%2fpme.1171&partnerID=40&md5=2cc52cc6908b8574d46ff5a62e4a1284","Article","Final","All Open Access; Gold Open Access","Scopus","2-s2.0-85205344498"
"Feraco T.; Casali N.; Carbone E.; Meneghetti C.; Borella E.; Carretti B.; Muffato V.","Feraco, Tommaso (57218109907); Casali, Nicole (57218093590); Carbone, Elena (14631719600); Meneghetti, Chiara (6602124418); Borella, Erika (6602814384); Carretti, Barbara (55884980200); Muffato, Veronica (56021131200)","57218109907; 57218093590; 14631719600; 6602124418; 6602814384; 55884980200; 56021131200","Soft skills and their relationship with life satisfaction and cognitive reserve in adulthood and older age","2024","European Journal of Ageing","21","1","25","","","","0","10.1007/s10433-024-00820-2","https://www.scopus.com/inward/record.uri?eid=2-s2.0-85203399462&doi=10.1007%2fs10433-024-00820-2&partnerID=40&md5=c1834db1cba16a862a05ec2f797e2469","Article","Final","All Open Access; Green Open Access; Hybrid Gold Open Access","Scopus","2-s2.0-85203399462"
"Huttunen I.; Upadyaya K.; Salmela-Aro K.","Huttunen, Ida (59252024900); Upadyaya, Katja (53878805400); Salmela-Aro, Katariina (6701493794)","59252024900; 53878805400; 6701493794","Adolescents’ social-emotional skills profiles, relationships at school, school anxiety, and educational aspirations","2025","European Journal of Psychology of Education","40","2","57","","","","0","10.1007/s10212-025-00954-6","https://www.scopus.com/inward/record.uri?eid=2-s2.0-105001644134&doi=10.1007%2fs10212-025-00954-6&partnerID=40&md5=dcdda40013c7efabd33641c6e97a42e6","Article","Final","","Scopus","2-s2.0-105001644134"
"Cabana S.R.; Cabana L.F.","Cabana, Segundo R. (57192661187); Cabana, Lenny F. (59755429300)","57192661187; 59755429300","Influence of professor transformational leadership on student emotional intelligence. Case of the Faculty of Engineering at the University of La Serena (Chile); [Influencia del liderazgo transformacional de los profesores en la inteligencia emocional de estudiantes. Caso de la Facultad de Ingeniería de la Universidad de La Serena (Chile)]","2025","Formacion Universitaria","18","2","","47","58","11","0","10.4067/S0718-50062025000200047","https://www.scopus.com/inward/record.uri?eid=2-s2.0-105003634556&doi=10.4067%2fS0718-50062025000200047&partnerID=40&md5=d49d9c38e55c602b64697dfa1b4e0561","Article","Final","","Scopus","2-s2.0-105003634556"
"Meyer J.; Jansen T.; Hübner N.; Lüdtke O.","Meyer, Jennifer (57204920255); Jansen, Thorben (57204146061); Hübner, Nicolas (57193739389); Lüdtke, Oliver (57191922064)","57204920255; 57204146061; 57193739389; 57191922064","Disentangling the Association Between the Big Five Personality Traits and Student Achievement: Meta-Analytic Evidence on the Role of Domain Specificity and Achievement Measures","2023","Educational Psychology Review","35","1","12","","","","43","10.1007/s10648-023-09736-2","https://www.scopus.com/inward/record.uri?eid=2-s2.0-85147107556&doi=10.1007%2fs10648-023-09736-2&partnerID=40&md5=acd67ae41dd30f849f63b6ac0882f495","Article","Final","All Open Access; Hybrid Gold Open Access","Scopus","2-s2.0-85147107556"
"Tuomi I.","Tuomi, Ilkka (7801465636)","7801465636","Artificial intelligence, 21st century competences, and socio-emotional learning in education: More than high-risk?","2022","European Journal of Education","57","4","","601","619","18","34","10.1111/ejed.12531","https://www.scopus.com/inward/record.uri?eid=2-s2.0-85139454507&doi=10.1111%2fejed.12531&partnerID=40&md5=9eb985e853a1b5001bd41b15be16f211","Article","Final","","Scopus","2-s2.0-85139454507"
"Soto C.J.; Napolitano C.M.; Sewell M.N.; Yoon H.J.; Murano D.; Casillas A.; Roberts B.W.","Soto, Christopher J. (24167147000); Napolitano, Christopher M. (35849097300); Sewell, Madison N. (57225959237); Yoon, Hee Jun (57225949182); Murano, Dana (57204430570); Casillas, Alex (7004073776); Roberts, Brent W. (7402979014)","24167147000; 35849097300; 57225959237; 57225949182; 57204430570; 7004073776; 7402979014","What I Do and What I Can Do: Testing the convergence and incremental validity of social, emotional, and behavioral skills vs. traits for predicting academic success","2023","Journal of Research in Personality","104","","104382","","","","17","10.1016/j.jrp.2023.104382","https://www.scopus.com/inward/record.uri?eid=2-s2.0-85162776997&doi=10.1016%2fj.jrp.2023.104382&partnerID=40&md5=d8e0d833b0e952af5f38e28aee182b90","Article","Final","All Open Access; Green Open Access","Scopus","2-s2.0-85162776997"
"Murphy B.A.; Casto K.V.; Watts A.L.; Costello T.H.; Jolink T.A.; Verona E.; Algoe S.B.","Murphy, Brett A. (56594255400); Casto, Kathleen V. (56053266300); Watts, Ashley L. (57999278000); Costello, Thomas H. (57200760114); Jolink, Tatum A. (57222496094); Verona, Edelyn (10039348900); Algoe, Sara B. (57203025585)","56594255400; 56053266300; 57999278000; 57200760114; 57222496094; 10039348900; 57203025585","“Feeling Powerful” versus “Desiring Power”: A pervasive and problematic conflation in personality assessment?","2022","Journal of Research in Personality","101","","104305","","","","6","10.1016/j.jrp.2022.104305","https://www.scopus.com/inward/record.uri?eid=2-s2.0-85139724917&doi=10.1016%2fj.jrp.2022.104305&partnerID=40&md5=8e735bf155d16346973e96645216f6a6","Article","Final","All Open Access; Bronze Open Access","Scopus","2-s2.0-85139724917"
"Cutler A.; Condon D.M.","Cutler, Andrew (57204818088); Condon, David M. (36536666900)","57204818088; 36536666900","Deep Lexical Hypothesis: Identifying Personality Structure in Natural Language","2022","Journal of Personality and Social Psychology","125","1","","173","197","24","21","10.1037/pspp0000443","https://www.scopus.com/inward/record.uri?eid=2-s2.0-85140733241&doi=10.1037%2fpspp0000443&partnerID=40&md5=b406eb00d2e7dca2167932799ca48d50","Article","Final","All Open Access; Green Open Access","Scopus","2-s2.0-85140733241"
"Casillas A.; Roberts B.; Jones S.","Casillas, Alex (7004073776); Roberts, Brent (7402979014); Jones, Stephanie (8505506100)","7004073776; 7402979014; 8505506100","An integrative perspective on SEL frameworks","2022","Assessing Competencies for Social and Emotional Learning: Conceptualization, Development, and Applications","","","","9","27","18","1","10.4324/9781003102243-3","https://www.scopus.com/inward/record.uri?eid=2-s2.0-85134744749&doi=10.4324%2f9781003102243-3&partnerID=40&md5=6f4502219e8286b7e2a5945175c4e1fc","Book chapter","Final","","Scopus","2-s2.0-85134744749"
"Hessen P.; Lee S.D.; Kuncel N.R.","Hessen, Phoebe (57816233600); Lee, Samuel D. (57219125124); Kuncel, Nathan R. (6507833124)","57816233600; 57219125124; 6507833124","Assessment of social and emotional learning for admissions and selection","2022","Assessing Competencies for Social and Emotional Learning: Conceptualization, Development, and Applications","","","","169","188","19","4","10.4324/9781003102243-14","https://www.scopus.com/inward/record.uri?eid=2-s2.0-85134778675&doi=10.4324%2f9781003102243-14&partnerID=40&md5=e4733d3c3481c0763824285cccce537d","Book chapter","Final","","Scopus","2-s2.0-85134778675"
"Guo J.; Tang X.; Marsh H.W.; Parker P.; Basarkod G.; Sahdra B.; Ranta M.; Salmela-Aro K.","Guo, Jiesi (56479534900); Tang, Xin (57206729170); Marsh, Herbert W. (7201585638); Parker, Philip (23470098500); Basarkod, Geetanjali (57194563642); Sahdra, Baljinder (6505970010); Ranta, Mette (56122484800); Salmela-Aro, Katariina (6701493794)","56479534900; 57206729170; 7201585638; 23470098500; 57194563642; 6505970010; 56122484800; 6701493794","The Roles of Social–Emotional Skills in Students’ Academic and Life Success: A Multi-Informant and Multicohort Perspective","2022","Journal of Personality and Social Psychology","","","","","","","61","10.1037/pspp0000426","https://www.scopus.com/inward/record.uri?eid=2-s2.0-85131932860&doi=10.1037%2fpspp0000426&partnerID=40&md5=07c43c1a6850adba9089630b368adfe3","Article","Article in press","","Scopus","2-s2.0-85131932860"
"Cardador M.T.; Hill P.L.; Lopez-Alvarez G.","Cardador, M. Teresa (12760670900); Hill, Patrick L. (24337759300); Lopez-Alvarez, Grisel (57219845157)","12760670900; 24337759300; 57219845157","Examining interests and goals as predictors of gender differences in engineers' pursuit of managerial roles","2022","Journal of Engineering Education","111","4","","852","867","15","4","10.1002/jee.20479","https://www.scopus.com/inward/record.uri?eid=2-s2.0-85139795318&doi=10.1002%2fjee.20479&partnerID=40&md5=4b10f73c3cc3f85909bd81efc1498b7d","Article","Final","All Open Access; Hybrid Gold Open Access","Scopus","2-s2.0-85139795318"
"Pocius E.; Malinauskas R.K.","Pocius, Eimantas (57666666100); Malinauskas, Romualdas K. (8440868100)","57666666100; 8440868100","Theoretical Foundations for Education of Positive Behavior Skills Among Young Athletes: A Qualitative Study","2022","European Journal of Contemporary Education","11","1","","148","160","12","2","10.13187/ejced.2022.1.148","https://www.scopus.com/inward/record.uri?eid=2-s2.0-85129430610&doi=10.13187%2fejced.2022.1.148&partnerID=40&md5=6102c16a15b107d5ae5a9778ec4e63f6","Article","Final","","Scopus","2-s2.0-85129430610"
"Schoon I.","Schoon, Ingrid (55954783800)","55954783800","Towards an Integrative Taxonomy of Social-Emotional Competences","2021","Frontiers in Psychology","12","","515313","","","","71","10.3389/fpsyg.2021.515313","https://www.scopus.com/inward/record.uri?eid=2-s2.0-85103339223&doi=10.3389%2ffpsyg.2021.515313&partnerID=40&md5=2af4aa5da1646b501bfe6a016bd7d787","Article","Final","All Open Access; Gold Open Access; Green Open Access","Scopus","2-s2.0-85103339223"
"Simonet D.V.; Miller K.E.; Askew K.L.; Sumner K.E.; Mortillaro M.; Schlegel K.","Simonet, Daniel V. (50462327500); Miller, Katherine E. (16171509400); Askew, Kevin L. (35167830300); Sumner, Kenneth E. (6603451521); Mortillaro, Marcello (13607888400); Schlegel, Katja (55037710100)","50462327500; 16171509400; 35167830300; 6603451521; 13607888400; 55037710100","How multidimensional is emotional intelligence? Bifactor modeling of global and broad emotional abilities of the geneva emotional competence test","2021","Journal of Intelligence","9","1","14","","","","16","10.3390/jintelligence9010014","https://www.scopus.com/inward/record.uri?eid=2-s2.0-85106214157&doi=10.3390%2fjintelligence9010014&partnerID=40&md5=c544a5708ad9bc4d33e97a1e2b1869da","Article","Final","All Open Access; Gold Open Access; Green Open Access","Scopus","2-s2.0-85106214157"
"Zacher H.; Sagha Zadeh R.; Heckhausen J.; Oettingen G.","Zacher, Hannes (24176115800); Sagha Zadeh, Rana (57189440834); Heckhausen, Jutta (56113984800); Oettingen, Gabriele (6701352863)","24176115800; 57189440834; 56113984800; 6701352863","Motivation and healthy aging at work","2021","Journals of Gerontology - Series B Psychological Sciences and Social Sciences","76","","","S145","S156","11","19","10.1093/geronb/gbab042","https://www.scopus.com/inward/record.uri?eid=2-s2.0-85116423644&doi=10.1093%2fgeronb%2fgbab042&partnerID=40&md5=277517a504a073a16060ffe7dddd4478","Review","Final","All Open Access; Bronze Open Access","Scopus","2-s2.0-85116423644"
"Dåderman A.M.; Basinska B.A.","Dåderman, Anna M. (6603825931); Basinska, Beata A. (55862285700)","6603825931; 55862285700","Evolutionary benefits of personality traits when facing workplace bullying","2021","Personality and Individual Differences","177","","110849","","","","9","10.1016/j.paid.2021.110849","https://www.scopus.com/inward/record.uri?eid=2-s2.0-85103019213&doi=10.1016%2fj.paid.2021.110849&partnerID=40&md5=7a4041f9a880dba3c7f56c4bb94edb0e","Article","Final","All Open Access; Hybrid Gold Open Access","Scopus","2-s2.0-85103019213"
"Hauw D.; Gesbert V.; von Roten F.C.; Rolland J.-P.","Hauw, Denis (6506622995); Gesbert, Vincent (55746308100); von Roten, Fabienne Crettaz (55664039900); Rolland, Jean-Pierre (7103051931)","6506622995; 55746308100; 55664039900; 7103051931","A Multilayer Approach for Assessing the Psychological Needs of Aspiring Soccer Players: Implications for Overseeing Talent Development","2021","Professional Psychology: Research and Practice","53","2","","133","142","9","3","10.1037/pro0000438","https://www.scopus.com/inward/record.uri?eid=2-s2.0-85122345254&doi=10.1037%2fpro0000438&partnerID=40&md5=5b6a86217aeb193519364250de1c193f","Article","Final","","Scopus","2-s2.0-85122345254"
"Mielke I.; Breil S.M.; Amelung D.; Espe L.; Knorr M.","Mielke, Ina (57218228556); Breil, Simon M. (57201212177); Amelung, Dorothee (55639736800); Espe, Lia (57605174100); Knorr, Mirjana (56428724300)","57218228556; 57201212177; 55639736800; 57605174100; 56428724300","Assessing distinguishable social skills in medical admission: does construct-driven development solve validity issues of situational judgment tests?","2022","BMC Medical Education","22","1","293","","","","10","10.1186/s12909-022-03305-x","https://www.scopus.com/inward/record.uri?eid=2-s2.0-85128572738&doi=10.1186%2fs12909-022-03305-x&partnerID=40&md5=2b69dc8a27dc2be1552dfd0bb11b7d60","Article","Final","All Open Access; Gold Open Access; Green Open Access","Scopus","2-s2.0-85128572738"
"Mitchell T.; Lemoine G.J.; Lee D.","Mitchell, Tyree (57209635210); Lemoine, G. James (57073055500); Lee, Diana (57343936000)","57209635210; 57073055500; 57343936000","Inclined but Less Skilled? Disentangling Extraversion, Communication Skill, and Leadership Emergence","2022","Journal of Applied Psychology","107","9","","1524","1542","18","22","10.1037/apl0000962","https://www.scopus.com/inward/record.uri?eid=2-s2.0-85119255295&doi=10.1037%2fapl0000962&partnerID=40&md5=9eccb87e68aee70d1d6af82c8f279a40","Article","Final","","Scopus","2-s2.0-85119255295"
"Walton K.E.; Murano D.; Burrus J.; Casillas A.","Walton, Kate E. (35515943700); Murano, Dana (57204430570); Burrus, Jeremy (23007443100); Casillas, Alex (7004073776)","35515943700; 57204430570; 23007443100; 7004073776","Multimethod Support for Using the Big Five Framework to Organize Social and Emotional Skills","2023","Assessment","30","1","","144","159","15","21","10.1177/10731911211045744","https://www.scopus.com/inward/record.uri?eid=2-s2.0-85115103179&doi=10.1177%2f10731911211045744&partnerID=40&md5=c05441bfca6bc9f0db816b77ff388170","Article","Final","","Scopus","2-s2.0-85115103179"
"Cieciuch J.; Strus W.","Cieciuch, Jan (57212056110); Strus, Włodzimierz (56328661400)","57212056110; 56328661400","Toward a Model of Personality Competencies Underlying Social and Emotional Skills: Insight From the Circumplex of Personality Metatraits","2021","Frontiers in Psychology","12","","711323","","","","12","10.3389/fpsyg.2021.711323","https://www.scopus.com/inward/record.uri?eid=2-s2.0-85120679397&doi=10.3389%2ffpsyg.2021.711323&partnerID=40&md5=2c73812e1bab7ebd6b8cb7002b59f0af","Review","Final","All Open Access; Gold Open Access; Green Open Access","Scopus","2-s2.0-85120679397"
"Napolitano C.M.; Sewell M.N.; Yoon H.J.; Soto C.J.; Roberts B.W.","Napolitano, Christopher M. (35849097300); Sewell, Madison N. (57225959237); Yoon, Hee J. (57225949182); Soto, Christopher J. (24167147000); Roberts, Brent. W. (7402979014)","35849097300; 57225959237; 57225949182; 24167147000; 7402979014","Social, Emotional, and Behavioral Skills: An Integrative Model of the Skills Associated With Success During Adolescence and Across the Life Span","2021","Frontiers in Education","6","","679561","","","","55","10.3389/feduc.2021.679561","https://www.scopus.com/inward/record.uri?eid=2-s2.0-85110022482&doi=10.3389%2ffeduc.2021.679561&partnerID=40&md5=a687b294267450e88c404fda1223b0eb","Article","Final","All Open Access; Gold Open Access","Scopus","2-s2.0-85110022482"
"Roberts B.W.; Yoon H.J.","Roberts, Brent W. (7402979014); Yoon, Hee J. (57225949182)","7402979014; 57225949182","Personality Psychology","2022","Annual Review of Psychology","73","","","489","516","27","90","10.1146/annurev-psych-020821-114927","https://www.scopus.com/inward/record.uri?eid=2-s2.0-85122685689&doi=10.1146%2fannurev-psych-020821-114927&partnerID=40&md5=6927eb9f0fb02b299c6b6fc782c16758","Review","Final","","Scopus","2-s2.0-85122685689"
"Wolniak G.C.; Gregory M.M.; Muskens M.","Wolniak, Gregory C. (6506926985); Gregory, Matthew M. (58182889000); Muskens, Marjolein (36017241800)","6506926985; 58182889000; 36017241800","The Relative Influence of Subjective and Objective Socioeconomic Status on the Noncognitive Development of First-Year College Students","2023","Review of Higher Education","46","3","","311","342","31","2","10.1353/rhe.2023.0001","https://www.scopus.com/inward/record.uri?eid=2-s2.0-85152464713&doi=10.1353%2frhe.2023.0001&partnerID=40&md5=98e60aa291ba831a529b2c170a5cf02b","Article","Final","All Open Access; Green Open Access","Scopus","2-s2.0-85152464713"
"Breil S.M.; Mielke I.; Ahrens H.; Geldmacher T.; Sensmeier J.; Marschall B.; Back M.D.","Breil, Simon M. (57201212177); Mielke, Ina (57218228556); Ahrens, Helmut (59822955400); Geldmacher, Thomas (57200211234); Sensmeier, Janina (6602416358); Marschall, Bernhard (6701488491); Back, Mitja D. (8613409000)","57201212177; 57218228556; 59822955400; 57200211234; 6602416358; 6701488491; 8613409000","Predicting Actual Social Skill Expression from Personality and Skill Self-Concepts","2022","Journal of Intelligence","10","3","48","","","","15","10.3390/jintelligence10030048","https://www.scopus.com/inward/record.uri?eid=2-s2.0-85138709043&doi=10.3390%2fjintelligence10030048&partnerID=40&md5=c9e2c21e9b77257644cb673bfe0eef0e","Article","Final","All Open Access; Gold Open Access; Green Open Access","Scopus","2-s2.0-85138709043"
"Heggestad E.D.; Nicole Voss E.; Toth A.A.; Ross R.L.; Banks G.C.; Canevello A.","Heggestad, Eric D. (8650014800); Nicole Voss, E. (58089729600); Toth, Allison A. (57189646508); Ross, Roxanne L. (57200112524); Banks, George C. (36020086900); Canevello, Amy (6507643766)","8650014800; 58089729600; 57189646508; 57200112524; 36020086900; 6507643766","Two Meanings of “Social Skills”: Proposing an Integrative Social Skills Framework","2023","Group and Organization Management","48","2","","361","404","43","4","10.1177/10596011221151006","https://www.scopus.com/inward/record.uri?eid=2-s2.0-85147362040&doi=10.1177%2f10596011221151006&partnerID=40&md5=925a356d0b1ddddd5c47b0764bb1bbae","Article","Final","","Scopus","2-s2.0-85147362040"
"Sarmento P.; Lobo M.; Kirtikumar K.","Sarmento, Patrícia (59339502900); Lobo, Mafalda (57202405120); Kirtikumar, Kalpna (59339347800)","59339502900; 57202405120; 59339347800","The impact of adolescents’ voice through an online school radio: a socio-emotional learning experimental project","2023","Frontiers in Psychology","14","","1197193","","","","1","10.3389/fpsyg.2023.1197193","https://www.scopus.com/inward/record.uri?eid=2-s2.0-85197845383&doi=10.3389%2ffpsyg.2023.1197193&partnerID=40&md5=5d080d49008bb030298fbc34598c504a","Article","Final","All Open Access; Gold Open Access","Scopus","2-s2.0-85197845383"
"Spielmann J.; Yoon H.J.R.; Ayoub M.; Chen Y.; Eckland N.S.; Trautwein U.; Zheng A.; Roberts B.W.","Spielmann, Julia (57208734852); Yoon, Hee Jun Roy (58332834900); Ayoub, Mona (57202329292); Chen, Yueyang (57211627441); Eckland, Nathaniel S. (57197820382); Trautwein, Ulrich (6701777248); Zheng, Anqing (57207986061); Roberts, Brent W. (7402979014)","57208734852; 58332834900; 57202329292; 57211627441; 57197820382; 6701777248; 57207986061; 7402979014","An In-depth Review of Conscientiousness and Educational Issues","2022","Educational Psychology Review","34","4","","2745","2781","36","30","10.1007/s10648-022-09693-2","https://www.scopus.com/inward/record.uri?eid=2-s2.0-85135265320&doi=10.1007%2fs10648-022-09693-2&partnerID=40&md5=3aa99a2a37748e1facdc5dec6e18b9fa","Review","Final","","Scopus","2-s2.0-85135265320"
"Figueroa-Varela M.; Vera M.R.","Figueroa-Varela, Marlen (55996714500); Vera, Montserrat Rodríguez (57218843985)","55996714500; 57218843985","Analysis of the psychometric properties of the Social and emotional Competencies Questionnaire SEC-Q in Chilean university students; [Análisis de las propiedades psicométricas del Cuestionario de Competencias Socioemocionales SEC-Q en estudiantes universitarios chilenos]","2023","Revista Latinoamericana de Psicologia","55","","","10","17","7","6","10.14349/rlp.2023.v55.2","https://www.scopus.com/inward/record.uri?eid=2-s2.0-85153513517&doi=10.14349%2frlp.2023.v55.2&partnerID=40&md5=e92464755f358920a1f59a9b5eec0aad","Article","Final","All Open Access; Gold Open Access","Scopus","2-s2.0-85153513517"
"Bhaktha N.; Lechner C.M.","Bhaktha, Nivedita (57216342838); Lechner, Clemens M. (55825858900)","57216342838; 55825858900","To Score or Not to Score? A Simulation Study on the Performance of Test Scores, Plausible Values, and SEM, in Regression With Socio-Emotional Skill or Personality Scales as Predictors","2021","Frontiers in Psychology","12","","679481","","","","10","10.3389/fpsyg.2021.679481","https://www.scopus.com/inward/record.uri?eid=2-s2.0-85118291287&doi=10.3389%2ffpsyg.2021.679481&partnerID=40&md5=2ec2e4882848f6cd088450cd995bc77e","Article","Final","All Open Access; Gold Open Access; Green Open Access","Scopus","2-s2.0-85118291287"
"Feraco T.; Sella E.; Meneghetti C.; Cona G.","Feraco, Tommaso (57218109907); Sella, Enrico (57193514194); Meneghetti, Chiara (6602124418); Cona, Giorgia (36246991700)","57218109907; 57193514194; 6602124418; 36246991700","Adapt, Explore, or Keep Going? The Role of Adaptability, Curiosity, and Perseverance in a Network of Study-Related Factors and Scholastic Success","2023","Journal of Intelligence","11","2","34","","","","10","10.3390/jintelligence11020034","https://www.scopus.com/inward/record.uri?eid=2-s2.0-85148593208&doi=10.3390%2fjintelligence11020034&partnerID=40&md5=0e946aab0b0cc503c8f958d35a17a215","Article","Final","All Open Access; Gold Open Access; Green Open Access","Scopus","2-s2.0-85148593208"
"Zacher H.; Rudolph C.W.","Zacher, Hannes (24176115800); Rudolph, Cort W (25633160300)","24176115800; 25633160300","Researching employee experiences and behavior in times of crisis: Theoretical and methodological considerations and implications for human resource management","2022","German Journal of Human Resource Management","36","1","","6","31","25","37","10.1177/23970022211058812","https://www.scopus.com/inward/record.uri?eid=2-s2.0-85119922123&doi=10.1177%2f23970022211058812&partnerID=40&md5=9cb9a285d03f1cc29df6778858bade83","Article","Final","All Open Access; Green Open Access; Hybrid Gold Open Access","Scopus","2-s2.0-85119922123"
"Ybarra O.","Ybarra, Oscar (6701348556)","6701348556","The skills that help employees adapt: Empirical validation of a four-category framework","2023","PLoS ONE","18","2 February","e0282074","","","","4","10.1371/journal.pone.0282074","https://www.scopus.com/inward/record.uri?eid=2-s2.0-85148906310&doi=10.1371%2fjournal.pone.0282074&partnerID=40&md5=93d4224e83149e511aae0baa48dba3a9","Article","Final","All Open Access; Gold Open Access; Green Open Access","Scopus","2-s2.0-85148906310"
"Kumar A.; Singh A.; Kumari N.; Kumar D.; Yadav D.K.","Kumar, Ashok (58994747800); Singh, Anjali (59093313600); Kumari, Neha (59776376300); Kumar, Deepak (57202478138); Yadav, Dhirendra Kumar (58165137600)","58994747800; 59093313600; 59776376300; 57202478138; 58165137600","Diversity of various symbiotic associations between microbes and host plants","2023","Microbiome Drivers of Ecosystem Function","","","","367","394","27","1","10.1016/B978-0-443-19121-3.00004-1","https://www.scopus.com/inward/record.uri?eid=2-s2.0-85198598946&doi=10.1016%2fB978-0-443-19121-3.00004-1&partnerID=40&md5=04de7e0733a316008b29a02ac9dcf954","Book chapter","Final","","Scopus","2-s2.0-85198598946"
"Breil S.M.; Forthmann B.; Back M.D.","Breil, Simon M. (57201212177); Forthmann, Boris (57160412800); Back, Mitja D. (8613409000)","57201212177; 57160412800; 8613409000","Measuring Distinct Social Skills via Multiple Speed Assessments: A Behavior-Focused Personnel Selection Approach","2022","European Journal of Psychological Assessment","38","3","","224","236","12","13","10.1027/1015-5759/a000657","https://www.scopus.com/inward/record.uri?eid=2-s2.0-85108236357&doi=10.1027%2f1015-5759%2fa000657&partnerID=40&md5=3a08ead29b87067a982e89394129565a","Article","Final","All Open Access; Hybrid Gold Open Access","Scopus","2-s2.0-85108236357"
"Lamri J.; Lubart T.","Lamri, Jeremy (58410228000); Lubart, Todd (6602453537)","58410228000; 6602453537","Reconciling Hard Skills and Soft Skills in a Common Framework: The Generic Skills Component Approach","2023","Journal of Intelligence","11","6","107","","","","44","10.3390/jintelligence11060107","https://www.scopus.com/inward/record.uri?eid=2-s2.0-85163673548&doi=10.3390%2fjintelligence11060107&partnerID=40&md5=167e77440a0643f9542019e48ff4574f","Review","Final","All Open Access; Gold Open Access; Green Open Access","Scopus","2-s2.0-85163673548"
"Lechner C.M.; Knopf T.; Napolitano C.M.; Rammstedt B.; Roberts B.W.; Soto C.J.; Spengler M.","Lechner, Clemens M. (55825858900); Knopf, Thomas (57239947700); Napolitano, Christopher M. (35849097300); Rammstedt, Beatrice (55961492400); Roberts, Brent W. (7402979014); Soto, Christopher J. (24167147000); Spengler, Marion (54988609700)","55825858900; 57239947700; 35849097300; 55961492400; 7402979014; 24167147000; 54988609700","The Behavioral, Emotional, and Social Skills Inventory (BESSI): Psychometric Properties of a German-Language Adaptation, Temporal Stabilities of the Skills, and Associations with Personality and Intelligence","2022","Journal of Intelligence","10","3","63","","","","19","10.3390/jintelligence10030063","https://www.scopus.com/inward/record.uri?eid=2-s2.0-85138740489&doi=10.3390%2fjintelligence10030063&partnerID=40&md5=b959c747caa7af7115258134bff714dd","Article","Final","All Open Access; Gold Open Access; Green Open Access","Scopus","2-s2.0-85138740489"
"Kyllonen P.C.","Kyllonen, Patrick C. (6602515483)","6602515483","Assessment of interpersonal and intrapersonal skills","2022","International Encyclopedia of Education: Fourth Edition","","","","477","493","16","2","10.1016/B978-0-12-818630-5.10061-2","https://www.scopus.com/inward/record.uri?eid=2-s2.0-85150563790&doi=10.1016%2fB978-0-12-818630-5.10061-2&partnerID=40&md5=7192016ec49701748bd439e7c700c7da","Book chapter","Final","","Scopus","2-s2.0-85150563790"
"Pan X.; Huang V.; Laumbach S.; Liesel Copeland H.; Akinola M.; Rosenbaum D.; MacIntosh A.","Pan, Xuan (57864504600); Huang, Vivian (57865222300); Laumbach, Sonia (57200701809); Liesel Copeland, H. (58524506100); Akinola, Modupeola (54980043500); Rosenbaum, Daryl (57864677300); MacIntosh, Alexander (57190667277)","57864504600; 57865222300; 57200701809; 58524506100; 54980043500; 57864677300; 57190667277","Impact of patterns of language use and socioeconomic status on a constructed response Situational Judgment Test (SJT)","2023","PLoS ONE","18","8 August","e0289420","","","","2","10.1371/journal.pone.0289420","https://www.scopus.com/inward/record.uri?eid=2-s2.0-85166102100&doi=10.1371%2fjournal.pone.0289420&partnerID=40&md5=8dbf734a74418827b33506b5ccf779d6","Article","Final","All Open Access; Gold Open Access; Green Open Access","Scopus","2-s2.0-85166102100"
"Pocius E.; Malinauskas R.","Pocius, Eimantas (57666666100); Malinauskas, Romualdas (8440868100)","57666666100; 8440868100","Determining Positive Behavioral Skills in Different Age Groups of Young Basketball Players during the Pandemic","2023","Children","10","6","914","","","","2","10.3390/children10060914","https://www.scopus.com/inward/record.uri?eid=2-s2.0-85163653779&doi=10.3390%2fchildren10060914&partnerID=40&md5=3d91503788f6d5441095b6236b79bf63","Article","Final","","Scopus","2-s2.0-85163653779"
"Zimmermann J.","Zimmermann, Johannes (58165242600)","58165242600","Beyond Defending or Abolishing Criterion A: Comment on Morey et al. (2022)","2022","Personality Disorders: Theory, Research, and Treatment","13","4","","321","324","3","18","10.1037/per0000561","https://www.scopus.com/inward/record.uri?eid=2-s2.0-85133283757&doi=10.1037%2fper0000561&partnerID=40&md5=863627e179b4e4b2526640599d4f8615","Article","Final","","Scopus","2-s2.0-85133283757"
"Sauer-Zavala S.; Southward M.W.; Fruhbauerova M.; Semcho S.A.; Stumpp N.E.; Hood C.O.; Smith M.; Elhusseini S.; Cravens L.","Sauer-Zavala, Shannon (55151430400); Southward, Matthew W. (55362624000); Fruhbauerova, Martina (57209274316); Semcho, Stephen A. (57188864507); Stumpp, Nicole E. (57219129660); Hood, Caitlyn O. (57201480756); Smith, Michelle (57795957500); Elhusseini, Sohayla (57432153700); Cravens, Lauren (57431747100)","55151430400; 55362624000; 57209274316; 57188864507; 57219129660; 57201480756; 57795957500; 57432153700; 57431747100","BPD Compass: A Randomized Controlled Trial of a Short-Term, Personality-Based Treatment for Borderline Personality Disorder","2023","Personality Disorders: Theory, Research, and Treatment","14","5","","534","544","10","15","10.1037/per0000612","https://www.scopus.com/inward/record.uri?eid=2-s2.0-85146976948&doi=10.1037%2fper0000612&partnerID=40&md5=2bb21671071d4f258e6de27c45d059b0","Article","Final","","Scopus","2-s2.0-85146976948"
"Feraco T.; Meneghetti C.","Feraco, Tommaso (57218109907); Meneghetti, Chiara (6602124418)","57218109907; 6602124418","Social, Emotional, and Behavioral Skills: Age and Gender Differences at 12 to 19 Years Old","2023","Journal of Intelligence","11","6","118","","","","20","10.3390/jintelligence11060118","https://www.scopus.com/inward/record.uri?eid=2-s2.0-85163277617&doi=10.3390%2fjintelligence11060118&partnerID=40&md5=e5feb11c32e3a6f8f02fd36800b67864","Article","Final","All Open Access; Gold Open Access; Green Open Access","Scopus","2-s2.0-85163277617"
"Primi R.; Hauck-Filho N.; Valentini F.","Primi, Ricardo (55327521600); Hauck-Filho, Nelson (54684060100); Valentini, Felipe (55790621800)","55327521600; 54684060100; 55790621800","Self-report and observer ratings: Item types, measurement challenges, and techniques of scoring","2022","Assessing Competencies for Social and Emotional Learning: Conceptualization, Development, and Applications","","","","99","116","17","3","10.4324/9781003102243-9","https://www.scopus.com/inward/record.uri?eid=2-s2.0-85134784706&doi=10.4324%2f9781003102243-9&partnerID=40&md5=3b9a8b2703776503686c60145a39f3f7","Book chapter","Final","","Scopus","2-s2.0-85134784706"
"Buenconsejo J.U.; Datu J.A.D.","Buenconsejo, Jet U. (57219094657); Datu, Jesus Alfonso D. (55990320800)","57219094657; 55990320800","Toward an Integrative Paradigm of Positive Youth Development: Implications for Research, Practice, and Policy","2023","Human Development","66","6","","381","396","15","11","10.1159/000527122","https://www.scopus.com/inward/record.uri?eid=2-s2.0-85146145243&doi=10.1159%2f000527122&partnerID=40&md5=70f1e4ea1d678d4d9f6a5c239efb7dd0","Article","Final","All Open Access; Bronze Open Access","Scopus","2-s2.0-85146145243"
"Walton K.E.; Burrus J.; Murano D.; Anguiano-Carrasco C.; Way J.; Roberts R.D.","Walton, Kate E. (35515943700); Burrus, Jeremy (23007443100); Murano, Dana (57204430570); Anguiano-Carrasco, Cristina (25935995800); Way, Jason (51566088100); Roberts, Richard D. (35617689800)","35515943700; 23007443100; 57204430570; 25935995800; 51566088100; 35617689800","A Big Five-Based Multimethod Social and Emotional Skills Assessment: The Mosaic™ by ACT® Social Emotional Learning Assessment","2022","Journal of Intelligence","10","4","72","","","","10","10.3390/jintelligence10040072","https://www.scopus.com/inward/record.uri?eid=2-s2.0-85144648249&doi=10.3390%2fjintelligence10040072&partnerID=40&md5=fa097d3503c4bc2917f5bd5c936e4142","Article","Final","All Open Access; Gold Open Access; Green Open Access","Scopus","2-s2.0-85144648249"
"Sewell M.N.; Napolitano C.M.; Roberts B.W.; Soto C.J.; Yoon H.J.","Sewell, Madison N. (57225959237); Napolitano, Christopher M. (35849097300); Roberts, Brent W. (7402979014); Soto, Christopher J. (24167147000); Yoon, Hee J. (57225949182)","57225959237; 35849097300; 7402979014; 24167147000; 57225949182","The social, emotional, and behavioral skill antecedents to college students' volunteering during the COVID-19 pandemic","2023","Journal of Research on Adolescence","33","2","","618","631","13","13","10.1111/jora.12830","https://www.scopus.com/inward/record.uri?eid=2-s2.0-85147274821&doi=10.1111%2fjora.12830&partnerID=40&md5=c386619ff9dc037cb90700ae0e73ebc8","Article","Final","","Scopus","2-s2.0-85147274821"
"Danner D.; Lechner C.M.; Spengler M.","Danner, Daniel (26664578700); Lechner, Clemens M. (55825858900); Spengler, Marion (54988609700)","26664578700; 55825858900; 54988609700","Editorial: Do We Need Socio-Emotional Skills?","2021","Frontiers in Psychology","12","","723470","","","","16","10.3389/fpsyg.2021.723470","https://www.scopus.com/inward/record.uri?eid=2-s2.0-85113267288&doi=10.3389%2ffpsyg.2021.723470&partnerID=40&md5=39ce507b80e3d44494a1d1529b739831","Editorial","Final","All Open Access; Gold Open Access; Green Open Access","Scopus","2-s2.0-85113267288"
"Soto C.J.; Napolitano C.M.; Sewell M.N.; Yoon H.J.; Roberts B.W.","Soto, Christopher J. (24167147000); Napolitano, Christopher M. (35849097300); Sewell, Madison N. (57225959237); Yoon, Hee J. (57225949182); Roberts, Brent W. (7402979014)","24167147000; 35849097300; 57225959237; 57225949182; 7402979014","An Integrative Framework for Conceptualizing and Assessing Social, Emotional, and Behavioral Skills: The BESSI","2022","Journal of Personality and Social Psychology","123","1","","192","222","30","85","10.1037/pspp0000401","https://www.scopus.com/inward/record.uri?eid=2-s2.0-85125080856&doi=10.1037%2fpspp0000401&partnerID=40&md5=01e669ce4e1941579d590006c0772c39","Article","Final","All Open Access; Green Open Access","Scopus","2-s2.0-85125080856"
"Dasborough M.T.; Ashkanasy N.M.; Humphrey R.H.; Harms P.D.; Credé M.; Wood D.","Dasborough, Marie T. (12779535700); Ashkanasy, Neal M. (35613977200); Humphrey, Ronald H. (7101730829); Harms, P.D. (56059742200); Credé, Marcus (8342614900); Wood, Dustin (7404402078)","12779535700; 35613977200; 7101730829; 56059742200; 8342614900; 7404402078","Does leadership still not need emotional intelligence? Continuing “The Great EI Debate”","2022","Leadership Quarterly","33","6","101539","","","","45","10.1016/j.leaqua.2021.101539","https://www.scopus.com/inward/record.uri?eid=2-s2.0-85109434640&doi=10.1016%2fj.leaqua.2021.101539&partnerID=40&md5=375bc415d1e231c5a691fe703d446126","Article","Final","All Open Access; Green Open Access","Scopus","2-s2.0-85109434640"
"Amien S.; Setyosari P.; Murtadho N.; Sulton","Amien, Saiful (57849738800); Setyosari, Punaji (57191276640); Murtadho, Nurul (56054513900); Sulton (57205652834)","57849738800; 57191276640; 56054513900; 57205652834","""Ana Yahanu Faqat"": A Phenomenological Study on the Performance Character and Life Success","2022","Qualitative Report","27","4","","945","964","19","3","10.46743/2160-3715/2022.4916","https://www.scopus.com/inward/record.uri?eid=2-s2.0-85136218681&doi=10.46743%2f2160-3715%2f2022.4916&partnerID=40&md5=7fe7cc7212e7835a287773603ca14d01","Article","Final","All Open Access; Gold Open Access","Scopus","2-s2.0-85136218681"
"Rebele R.W.; Koval P.; Smillie L.D.","Rebele, Robert W (57208279891); Koval, Peter (36787855400); Smillie, Luke D (11639621300)","57208279891; 36787855400; 11639621300","Personality-informed intervention design: Examining how trait regulation can inform efforts to change behavior","2021","European Journal of Personality","35","4","","623","645","22","12","10.1177/08902070211016251","https://www.scopus.com/inward/record.uri?eid=2-s2.0-85108118986&doi=10.1177%2f08902070211016251&partnerID=40&md5=f24c3f38bbe0a66a64599b7fc8190487","Article","Final","","Scopus","2-s2.0-85108118986"
